itemId,name,level,ilevel,jobs,MId,shieldSize,scriptType,slot,rslot,su_level,model_id
25704,abnoba_kaftan,99,119,2593826,234,"0","0",32,"0","0",8426
14507,abs._cuirass_+1,75,"0",128,79,"0","0",32,"0","0",8271
10677,abs._cuirass_+2,90,"0",128,79,"0","0",32,"0","0",8271
14528,abtal_jawshan,59,"0",2497,171,"0","0",32,"0","0",8363
15094,abyss_cuirass,74,"0",128,79,"0","0",32,"0","0",8271
27848,acad._gown_+1,99,119,524288,214,"0","0",32,"0","0",8406
23127,acad._gown_+2,99,119,524288,214,"0","0",32,"0","0",8406
23462,acad._gown_+3,99,119,524288,214,"0","0",32,"0","0",8406
27827,academics_gown,99,109,524288,214,"0","0",32,"0","0",8406
11872,aces_mail,95,"0",10368,52,"0","0",32,"0","0",8244
26892,acro_surcoat,99,119,10689,325,"0","0",32,"0","0",8517
12548,adaman_cuirass,73,"0",65,55,"0","0",32,"0","0",8247
12557,adaman_hauberk,73,"0",385,63,"0","0",32,"0","0",8255
23791,adenium_suit,1,"0",4194303,471,"0","0",32,448,"0",8663
10277,adhara_manteel,99,"0",49180,160,"0","0",32,"0","0",8352
25686,adhemar_jacket,99,119,2462754,320,"0","0",32,"0","0",8512
25687,adhemar_jacket_+1,99,119,2462754,320,"0","0",32,"0","0",8512
11338,aegas_doublet,32,"0",2615158,21,"0","0",32,"0","0",8213
27890,aeto._jerkin_+1,99,115,2473969,391,"0","0",32,"0","0",8583
27889,aetosaur_jerkin,99,114,2473969,391,"0","0",32,"0","0",8583
26974,agent_coat,1,"0",4194303,407,"0","0",32,"0","0",8599
26800,agoge_lorica,99,109,1,65,"0","0",32,"0","0",8257
26801,agoge_lorica_+1,99,119,1,65,"0","0",32,"0","0",8257
23130,agoge_lorica_+2,99,119,1,65,"0","0",32,"0","0",8257
23465,agoge_lorica_+3,99,119,1,65,"0","0",32,"0","0",8257
26942,agony_jerkin,99,119,2473969,94,"0","0",32,"0","0",8286
26943,agony_jerkin_+1,99,119,2473969,94,"0","0",32,"0","0",8286
23766,agwus_robe,99,119,3670024,468,"0","0",32,"0","0",8660
14411,aikido_gi,50,"0",2,37,"0","0",32,"0","0",8229
13742,aketon,60,"0",3662710,39,"0","0",32,"0","0",8231
13743,aketon_+1,60,"0",3662710,39,"0","0",32,"0","0",8231
14529,akinji_peti,55,"0",2473969,172,"0","0",32,"0","0",8364
26520,akitu_shirt,1,"0",4194303,582,"0","0",32,"0","0",8774
11345,alacer_aketon,62,"0",2569522,39,"0","0",32,"0","0",8231
11351,alacer_aketon_+1,62,"0",2569522,39,"0","0",32,"0","0",8231
11845,alcd._harness_+1,87,"0",2594082,110,"0","0",32,"0","0",8302
14398,alchemists_apron,1,"0",4194303,120,"0","0",32,"0","0",8312
11335,alchemists_smock,1,"0",4194303,147,"0","0",32,"0","0",8339
11844,alcides_harness,87,"0",2594082,110,"0","0",32,"0","0",8302
25739,aldo_unity_shirt,1,"0",4194303,429,"0","0",32,"0","0",8621
27899,alliance_shirt,1,"0",4194303,311,"0","0",32,"0","0",8503
27898,alliance_shirt_+1,1,"0",4194303,311,"0","0",32,"0","0",8503
14444,alumine_haubert,45,"0",6593,150,"0","0",32,"0","0",8342
25688,amalric_doublet,99,119,1622040,322,"0","0",32,"0","0",8514
25689,amalric_doublet_+1,99,119,1622040,322,"0","0",32,"0","0",8514
26918,amini_caban,99,109,1024,292,"0","0",32,"0","0",8484
26919,amini_caban_+1,99,119,1024,292,"0","0",32,"0","0",8484
14525,amir_korazin,72,"0",10433,174,"0","0",32,"0","0",8366
26817,an._jackcoat_+1,99,119,256,81,"0","0",32,"0","0",8273
23138,an._jackcoat_+2,99,119,256,81,"0","0",32,"0","0",8273
23473,an._jackcoat_+3,99,119,256,81,"0","0",32,"0","0",8273
27829,anch._cyclas_+1,99,119,2,66,"0","0",32,"0","0",8258
23108,anch._cyclas_+2,99,119,2,66,"0","0",32,"0","0",8258
23443,anch._cyclas_+3,99,119,2,66,"0","0",32,"0","0",8258
27808,anchorites_cyclas,99,109,2,66,"0","0",32,"0","0",8258
23743,angantyr_robe,99,119,1720860,267,"0","0",32,"0","0",8459
13809,anglers_tunica,15,"0",4194303,102,"0","0",32,"0","0",8294
11856,anhur_robe,90,"0",1720860,208,"0","0",32,"0","0",8400
26816,ankusa_jackcoat,99,109,256,81,"0","0",32,"0","0",8273
26960,annoint._kalasiris,99,119,1720860,213,"0","0",32,"0","0",8405
11287,antares_harness,71,"0",2593459,34,"0","0",32,"0","0",8226
14559,anus_doublet,15,"0",16900,21,"0","0",32,"0","0",8213
11193,aoidos_hngrln._+1,89,"0",512,291,"0","0",32,"0","0",8483
11093,aoidos_hngrln._+2,89,"0",512,291,"0","0",32,"0","0",8483
12037,aoidos_hongreline,89,"0",512,291,"0","0",32,"0","0",8483
26853,apo._dalmatica_+1,99,119,16384,107,"0","0",32,"0","0",8299
26852,apogee_dalmatica,99,119,16384,107,"0","0",32,"0","0",8299
25737,apururu_unity_shirt,1,"0",4194303,427,"0","0",32,"0","0",8619
14536,arakan_samue,67,"0",2,59,"0","0",32,"0","0",8251
26936,arbatel_gown,99,109,524288,306,"0","0",32,"0","0",8498
26937,arbatel_gown_+1,99,119,524288,306,"0","0",32,"0","0",8498
26821,arc._jerkin_+1,99,119,1024,85,"0","0",32,"0","0",8277
23140,arc._jerkin_+2,99,119,1024,85,"0","0",32,"0","0",8277
23475,arc._jerkin_+3,99,119,1024,85,"0","0",32,"0","0",8277
26820,arcadian_jerkin,99,109,1024,85,"0","0",32,"0","0",8277
14369,arcane_robe,80,"0",3850780,149,"0","0",32,"0","0",8341
26806,arch._coat,99,109,8,71,"0","0",32,"0","0",8263
26807,arch._coat_+1,99,119,8,71,"0","0",32,"0","0",8263
23133,arch._coat_+2,99,119,8,71,"0","0",32,"0","0",8263
23468,arch._coat_+3,99,119,8,71,"0","0",32,"0","0",8263
14467,archers_jupon,71,"0",1024,24,"0","0",32,"0","0",8216
14546,ares_cuirass,75,"0",8385,182,"0","0",32,"0","0",8374
27788,ares_cuirass_+1,99,"0",8385,182,"0","0",32,"0","0",8374
11310,argent_coat,40,"0",4194303,232,"0","0",32,64,"0",8424
26848,argosy_hauberk,99,119,385,63,"0","0",32,"0","0",8255
26849,argosy_hauberk_+1,99,119,385,63,"0","0",32,"0","0",8255
11307,argute_gown,74,"0",524288,215,"0","0",32,"0","0",8407
11308,argute_gown_+1,75,"0",524288,215,"0","0",32,"0","0",8407
10689,argute_gown_+2,90,"0",524288,215,"0","0",32,"0","0",8407
13795,arhats_gi,64,"0",6146,59,"0","0",32,"0","0",8251
13802,arhats_gi_+1,64,"0",6146,59,"0","0",32,"0","0",8251
13774,aristocrats_coat,68,"0",4,57,"0","0",32,"0","0",8249
26533,arke_corazza,99,119,8257,136,"0","0",32,"0",3,8328
26534,arke_corazza_+1,99,119,8257,136,"0","0",32,"0",3,8328
14371,armada_hauberk,73,"0",385,63,"0","0",32,"0","0",8255
27871,artsieq_jubbah,99,119,1589788,364,"0","0",32,"0","0",8556
25786,ashera_harness,99,119,2363938,29,"0","0",32,"0","0",8221
14568,askar_korazin,75,"0",10689,195,"0","0",32,"0","0",8387
14505,asn._vest_+1,75,"0",32,75,"0","0",32,"0","0",8267
10675,asn._vest_+2,90,"0",32,75,"0","0",32,"0","0",8267
15092,assassins_vest,72,"0",32,75,"0","0",32,"0","0",8267
14470,assault_brstplate,75,"0",2497,32,"0","0",32,"0","0",8224
13805,assault_jerkin,67,"0",2473969,94,"0","0",32,"0","0",8286
27822,assim._jubbah,99,109,32768,165,"0","0",32,"0","0",8357
27843,assim._jubbah_+1,99,119,32768,165,"0","0",32,"0","0",8357
23122,assim._jubbah_+2,99,119,32768,165,"0","0",32,"0","0",8357
23457,assim._jubbah_+3,99,119,32768,165,"0","0",32,"0","0",8357
10454,asura_samue,99,"0",6146,98,"0","0",32,"0","0",8290
10455,asura_samue_+1,99,"0",6146,98,"0","0",32,"0","0",8290
27798,ates_cuirass,45,"0",8385,22,"0","0",32,"0","0",8214
10451,athoss_tabard,99,"0",2593826,326,"0","0",32,"0","0",8518
27811,atrophy_tabard,99,109,16,72,"0","0",32,"0","0",8264
27832,atrophy_tabard_+1,99,119,16,72,"0","0",32,"0","0",8264
23111,atrophy_tabard_+2,99,119,16,72,"0","0",32,"0","0",8264
23446,atrophy_tabard_+3,99,119,16,72,"0","0",32,"0","0",8264
14365,augurs_jaseran,79,"0",1589788,223,"0","0",32,"0","0",8415
13760,aurore_doublet,78,"0",2594082,241,"0","0",32,"0","0",8433
27852,aurore_doublet_+1,90,"0",2594082,241,"0","0",32,"0","0",8433
11282,aurum_cuirass,72,"0",8641,36,"0","0",32,"0","0",8228
11876,auspex_doublet,99,"0",1622040,322,"0","0",32,"0","0",8514
13814,austere_robe,50,"0",16384,115,"0","0",32,"0","0",8307
11286,avalon_breastplate,71,"0",397154,114,"0","0",32,"0","0",8306
10456,avant_mail,96,"0",10689,29,"0","0",32,"0","0",8221
10457,avant_mail_+1,96,"0",10689,29,"0","0",32,"0","0",8221
25735,ayame_unity_shirt,1,"0",4194303,425,"0","0",32,"0","0",8617
25762,ayanmo_corazza,99,119,2130452,159,"0","0",32,"0","0",8351
25763,ayanmo_corazza_+1,99,119,2130452,159,"0","0",32,"0","0",8351
25795,ayanmo_corazza_+2,99,119,2130452,159,"0","0",32,"0","0",8351
26938,azimuth_coat,99,109,1048576,341,"0","0",32,"0","0",8533
26939,azimuth_coat_+1,99,119,1048576,341,"0","0",32,"0","0",8533
10288,baalmuian_robe,99,"0",1589276,346,"0","0",32,"0","0",8538
26541,baayami_robe,99,119,16384,115,"0","0",32,"0",3,8307
26542,baayami_robe_+1,99,119,16384,115,"0","0",32,"0",3,8307
14373,bachelor_vest,73,"0",2473969,33,"0","0",32,"0","0",8225
26840,bagua_tunic,99,109,1048576,310,"0","0",32,"0","0",8502
26841,bagua_tunic_+1,99,119,1048576,310,"0","0",32,"0","0",8502
23150,bagua_tunic_+2,99,119,1048576,310,"0","0",32,"0","0",8502
23485,bagua_tunic_+3,99,119,1048576,310,"0","0",32,"0","0",8502
12035,bale_cuirass,89,"0",128,289,"0","0",32,"0","0",8481
11191,bale_cuirass_+1,89,"0",128,289,"0","0",32,"0","0",8481
11091,bale_cuirass_+2,89,"0",128,289,"0","0",32,"0","0",8481
12554,banded_mail,46,"0",6593,12,"0","0",32,"0","0",8204
12667,banded_mail_+1,46,"0",6593,12,"0","0",32,"0","0",8204
14531,bannaret_mail,24,"0",6593,5,"0","0",32,"0","0",8197
15096,bards_jstcorps,74,"0",512,83,"0","0",32,"0","0",8275
14416,barone_corazza,70,"0",8193,136,"0","0",32,"0","0",8328
14447,barons_saio,20,"0",4179646,149,"0","0",32,"0","0",8341
14346,bas._scale_mail,34,"0",2141649,26,"0","0",32,"0","0",8218
14338,bastokan_harness,15,"0",2472947,15,"0","0",32,"0","0",8207
12596,battle_jupon,65,"0",3662710,24,"0","0",32,"0","0",8216
12628,battle_jupon_+1,65,"0",3662710,24,"0","0",32,"0","0",8216
13699,beak_jerkin,58,"0",2473969,6,"0","0",32,"0","0",8198
13739,beak_jerkin_+1,58,"0",2473969,6,"0","0",32,"0","0",8198
12646,beast_jackcoat,58,"0",256,80,"0","0",32,"0","0",8272
26927,beck._doublet_+1,99,119,16384,296,"0","0",32,"0","0",8488
26926,beckoners_doublet,99,109,16384,296,"0","0",32,"0","0",8488
12583,beetle_harness,21,"0",2472947,16,"0","0",32,"0","0",8208
13717,beetle_harness_+1,21,"0",2472947,16,"0","0",32,"0","0",8208
10285,beguilers_jerkin,99,"0",2593826,94,"0","0",32,"0","0",8286
26954,behemoth_suit,1,"0",4194303,396,"0","0",32,128,"0",8588
26955,behemoth_suit_+1,1,"0",4194303,396,"0","0",32,128,"0",8588
11834,bellicus_cuirass,87,"0",129,270,"0","0",32,"0","0",8462
11309,benedight_coat,20,"0",4194303,232,"0","0",32,64,"0",8424
11835,bestia_mail,87,"0",8448,273,"0","0",32,"0","0",8465
26864,bewitch._dalmatica,99,"0",16384,107,"0","0",32,"0","0",8299
26858,bewitched_cuirass,99,"0",65,95,"0","0",32,"0","0",8287
26856,bewitched_harness,99,"0",2368481,100,"0","0",32,"0","0",8292
26860,bewitched_hauberk,99,"0",385,63,"0","0",32,"0","0",8255
26866,bewitched_mail,99,"0",2204880,62,"0","0",32,"0","0",8254
26862,bewitched_togi,99,"0",137218,106,"0","0",32,"0","0",8298
26900,bhikku_cyclas,99,109,2,283,"0","0",32,"0","0",8475
26901,bhikku_cyclas_+1,99,119,2,283,"0","0",32,"0","0",8475
23139,bihu_jstcorps._+2,99,119,512,83,"0","0",32,"0","0",8275
23474,bihu_jstcorps._+3,99,119,512,83,"0","0",32,"0","0",8275
26819,bihu_jstcorps_+1,99,119,512,83,"0","0",32,"0","0",8275
26818,bihu_justaucorps,99,109,512,83,"0","0",32,"0","0",8275
13796,bishops_robe,35,"0",4179646,20,"0","0",32,"0","0",8212
13797,bishops_robe_+1,35,"0",4179646,20,"0","0",32,"0","0",8212
14418,bison_jacket,71,"0",256,134,"0","0",32,"0","0",8326
25776,bl._chocobo_suit,1,"0",4194303,449,"0","0",32,448,"0",8641
14393,blacksmiths_apn.,1,"0",4194303,118,"0","0",32,"0","0",8310
13779,black_cloak,68,"0",8,46,"0","0",32,16,"0",8238
13754,black_cotehardie,59,"0",3069758,49,"0","0",32,"0","0",8241
11322,black_race_silks,1,"0",4194303,188,"0","0",32,"0","0",8380
12609,black_tunic,20,"0",3851870,3,"0","0",32,16,"0",8195
14436,blessed_bliaut,70,"0",4,142,"0","0",32,"0","0",8334
14438,blessed_bliaut_+1,70,"0",4,142,"0","0",32,"0","0",8334
11330,blksmith._smock,1,"0",4194303,145,"0","0",32,"0","0",8337
13772,bloody_aketon,70,"0",2368818,38,"0","0",32,"0","0",8230
14368,blood_scale_mail,73,"0",2204880,62,"0","0",32,"0","0",8254
13776,blue_cotehard._+1,69,"0",2430000,48,"0","0",32,"0","0",8240
13775,blue_cotehardie,69,"0",2430000,48,"0","0",32,"0","0",8240
11325,blue_race_silks,1,"0",4194303,191,"0","0",32,"0","0",8383
14564,bodbs_robe,25,"0",32792,18,"0","0",32,"0","0",8210
26898,boii_lorica,99,109,1,282,"0","0",32,"0","0",8474
26899,boii_lorica_+1,99,119,1,282,"0","0",32,"0","0",8474
27919,bokwus_robe,99,110,1589788,351,"0","0",32,"0","0",8543
14397,boneworkers_apn.,1,"0",4194303,121,"0","0",32,"0","0",8313
11334,bonewrk._smock,1,"0",4194303,152,"0","0",32,"0","0",8344
12582,bone_harness,16,"0",2472947,16,"0","0",32,"0","0",8208
13716,bone_harness_+1,16,"0",2472947,16,"0","0",32,"0","0",8208
25711,botulus_suit,1,"0",4194303,419,"0","0",32,80,"0",8611
25712,botulus_suit_+1,1,"0",4194303,419,"0","0",32,80,"0",8611
12577,brass_harness,11,"0",2472947,15,"0","0",32,"0","0",8207
12664,brass_harness_+1,11,"0",2472947,15,"0","0",32,"0","0",8207
12561,brass_scale_mail,27,"0",2141649,28,"0","0",32,"0","0",8220
14419,braves_jacket,71,"0",256,134,"0","0",32,"0","0",8326
14509,brd._jstcorps_+1,75,"0",512,83,"0","0",32,"0","0",8275
10679,brd._jstcorps_+2,90,"0",512,83,"0","0",32,"0","0",8275
12544,breastplate,40,"0",193,2,"0","0",32,"0","0",8194
13724,breastplate_+1,40,"0",193,2,"0","0",32,"0","0",8194
13703,brigandine,45,"0",2473969,44,"0","0",32,"0","0",8236
13710,brigandine_+1,45,"0",2473969,44,"0","0",32,"0","0",8236
27816,brioso_just.,99,109,512,82,"0","0",32,"0","0",8274
27837,brioso_just._+1,99,119,512,82,"0","0",32,"0","0",8274
23116,brioso_justau._+2,99,119,512,82,"0","0",32,"0","0",8274
23451,brioso_justau._+3,99,119,512,82,"0","0",32,"0","0",8274
12576,bronze_harness,1,"0",2472947,15,"0","0",32,"0","0",8207
12607,bronze_harness_+1,1,"0",2472947,15,"0","0",32,"0","0",8207
12665,brs._scale_mail_+1,27,"0",2141649,28,"0","0",32,"0","0",8220
14481,bst._jackcoat_+1,74,"0",256,80,"0","0",32,"0","0",8272
23767,bunzis_rob,99,119,16916,469,"0","0",32,"0","0",8661
13740,byrnie,60,"0",6593,41,"0","0",32,"0","0",8233
13741,byrnie_+1,60,"0",6593,41,"0","0",32,"0","0",8233
14354,c.c._cloak_+1,43,"0",3851870,10,"0","0",32,16,"0",8202
14355,c.c._cloak_+2,43,"0",3851870,10,"0","0",32,16,"0",8202
26812,cab._surcoat,99,109,64,77,"0","0",32,"0","0",8269
26813,cab._surcoat_+1,99,119,64,77,"0","0",32,"0","0",8269
23136,cab._surcoat_+2,99,119,64,77,"0","0",32,"0","0",8269
23471,cab._surcoat_+3,99,119,64,77,"0","0",32,"0","0",8269
11098,call._doublet_+2,89,"0",16384,296,"0","0",32,"0","0",8488
12042,callers_doublet,89,"0",16384,296,"0","0",32,"0","0",8488
11198,callers_doublet_+1,89,"0",16384,296,"0","0",32,"0","0",8488
10462,calma_breastplate,96,"0",8641,281,"0","0",32,"0","0",8473
13712,carapace_harness,45,"0",2472947,14,"0","0",32,"0","0",8206
14372,cardinal_vest,73,"0",2473969,33,"0","0",32,"0","0",8225
26855,carm._sc._mail_+1,99,119,2204880,62,"0","0",32,"0","0",8254
26854,carm._scale_mail,99,119,2204880,62,"0","0",32,"0","0",8254
13773,carnage_aketon,70,"0",2368818,38,"0","0",32,"0","0",8230
14392,carpenters_apron,1,"0",4194303,117,"0","0",32,"0","0",8309
11329,carpenters_smock,1,"0",4194303,144,"0","0",32,"0","0",8336
14385,ceremonial_dress,40,"0",4194303,116,"0","0",32,64,"0",8308
14407,cerise_doublet,50,"0",2261520,132,"0","0",32,"0","0",8324
12552,chainmail,24,"0",6593,5,"0","0",32,"0","0",8197
12662,chainmail_+1,24,"0",6593,5,"0","0",32,"0","0",8197
11339,channeling_robe,34,"0",4179646,20,"0","0",32,"0","0",8212
12645,chaos_cuirass,58,"0",128,78,"0","0",32,"0","0",8270
12046,charis_casaque,89,"0",262144,305,"0","0",32,"0","0",8497
11202,charis_casaque_+1,89,"0",262144,305,"0","0",32,"0","0",8497
11102,charis_casaque_+2,89,"0",262144,305,"0","0",32,"0","0",8497
26930,chasseurs_frac,99,109,65536,298,"0","0",32,"0","0",8490
26931,chasseurs_frac_+1,99,119,65536,298,"0","0",32,"0","0",8490
14440,chasuble,72,"0",16,143,"0","0",32,"0","0",8335
14441,chasuble_+1,72,"0",16,143,"0","0",32,"0","0",8335
10274,chelona_blazer,99,"0",3850780,337,"0","0",32,"0","0",8529
10275,chelona_blazer_+1,99,"0",3850780,337,"0","0",32,"0","0",8529
26910,chev._cuirass,99,109,64,288,"0","0",32,"0","0",8480
26911,chev._cuirass_+1,99,119,64,288,"0","0",32,"0","0",8480
25720,chironic_doublet,99,119,524820,416,"0","0",32,"0","0",8608
14482,chl._jstcorps_+1,74,"0",512,82,"0","0",32,"0","0",8274
13810,choc._jack_coat,1,"0",4194303,103,"0","0",32,"0","0",8295
10293,chocobo_shirt,1,"0",4194303,309,"0","0",32,"0","0",8501
27911,chocobo_suit,1,"0",4194303,353,"0","0",32,320,"0",8545
27906,chocobo_suit_+1,1,"0",4194303,353,"0","0",32,320,"0",8545
12647,choral_jstcorps,58,"0",512,82,"0","0",32,"0","0",8274
26971,chozor._coselete,99,119,10433,406,"0","0",32,"0","0",8598
14480,chs._cuirass_+1,74,"0",128,78,"0","0",32,"0","0",8270
12045,cirque_farsetto,89,"0",131072,299,"0","0",32,"0","0",8491
11201,cirque_farsetto_+1,89,"0",131072,299,"0","0",32,"0","0",8491
11101,cirque_farsetto_+2,89,"0",131072,299,"0","0",32,"0","0",8491
27912,cizin_mail,99,113,8385,274,"0","0",32,"0","0",8466
27874,cizin_mail_+1,99,119,8385,274,"0","0",32,"0","0",8466
15089,clerics_briault,74,"0",4,69,"0","0",32,"0","0",8261
12610,cloak,34,"0",3851870,10,"0","0",32,16,"0",8202
12670,cloak_+1,34,"0",3851870,10,"0","0",32,16,"0",8202
14502,clr._briault_+1,75,"0",4,69,"0","0",32,"0","0",8261
10672,clr._briault_+2,90,"0",4,69,"0","0",32,"0","0",8261
12614,cmb.cst._cloak,40,"0",3851870,10,"0","0",32,16,"0",8202
14583,cobra_coat,55,"0",4179646,19,"0","0",32,"0","0",8211
14590,cobra_harness,68,"0",2589730,219,"0","0",32,"0","0",8411
14591,cobra_robe,68,"0",3850780,220,"0","0",32,"0","0",8412
14586,cobra_tunica,1,"0",4194303,105,"0","0",32,"0","0",8297
12575,coeurl_jerkin,70,"0",2360608,54,"0","0",32,"0","0",8246
25680,cohort_cloak,99,119,3851870,11,"0","0",32,16,"0",8203
25681,cohort_cloak_+1,99,119,3851870,11,"0","0",32,16,"0",8203
11296,comm._frac_+1,75,"0",65536,168,"0","0",32,"0","0",8360
10686,comm._frac_+2,90,"0",65536,168,"0","0",32,"0","0",8360
11295,commodore_frac,74,"0",65536,168,"0","0",32,"0","0",8360
27842,con._doublet_+1,99,119,16384,92,"0","0",32,"0","0",8284
23121,con._doublet_+2,99,119,16384,92,"0","0",32,"0","0",8284
23456,con._doublet_+3,99,119,16384,92,"0","0",32,"0","0",8284
14417,conte_corazza,70,"0",8193,136,"0","0",32,"0","0",8328
27821,convo._doublet,99,109,16384,92,"0","0",32,"0","0",8284
13761,cor._scale_mail_+1,65,"0",2141649,26,"0","0",32,"0","0",8218
12581,coral_harness,67,"0",2359585,56,"0","0",32,"0","0",8248
12563,coral_scale_mail,65,"0",2141649,26,"0","0",32,"0","0",8218
14522,corsairs_frac,58,"0",65536,167,"0","0",32,"0","0",8359
11294,corsairs_frac_+1,74,"0",65536,167,"0","0",32,"0","0",8359
14544,corselet,71,"0",192,179,"0","0",32,"0","0",8371
14545,corselet_+1,71,"0",192,179,"0","0",32,"0","0",8371
26967,cossie_top,1,"0",4194303,405,"0","0",32,64,"0",8597
26968,cossie_top_+1,1,"0",4194303,405,"0","0",32,64,"0",8597
12585,cotton_dogi,18,"0",6146,17,"0","0",32,"0","0",8209
12624,cotton_dogi_+1,18,"0",6146,17,"0","0",32,"0","0",8209
12593,cotton_doublet,23,"0",3662710,21,"0","0",32,"0","0",8213
27923,councilors_garb,1,"0",4194303,345,"0","0",32,"0","0",8537
26945,counts_garb,99,119,3850780,345,"0","0",32,"0","0",8537
13789,cpc._breastplate,61,"0",2371507,108,"0","0",32,"0","0",8300
13790,cpc._brstplate_+1,61,"0",2371507,108,"0","0",32,"0","0",8300
13714,cpc._harness_+1,45,"0",2472947,14,"0","0",32,"0","0",8206
12034,creed_cuirass,89,"0",64,288,"0","0",32,"0","0",8480
11190,creed_cuirass_+1,89,"0",64,288,"0","0",32,"0","0",8480
11090,creed_cuirass_+2,89,"0",64,288,"0","0",32,"0","0",8480
10260,creek_maillot,1,"0",4194303,334,"0","0",32,64,"0",8526
10268,creek_maillot_+1,1,"0",4194303,334,"0","0",32,64,"0",8526
10261,creek_top,1,"0",4194303,335,"0","0",32,64,"0",8527
10269,creek_top_+1,1,"0",4194303,335,"0","0",32,64,"0",8527
14367,crm._scale_mail,73,"0",2204880,62,"0","0",32,"0","0",8254
14498,crow_jupon,50,"0",3662710,162,"0","0",32,"0","0",8354
25755,crustacean_shirt,1,"0",4194303,584,"0","0",32,"0","0",8776
12566,ctr._scale_mail,30,"0",2141649,26,"0","0",32,"0","0",8218
11859,cuauh._harness_+1,90,"0",2594082,198,"0","0",32,"0","0",8390
11851,cuauhtli_harness,90,"0",2594082,198,"0","0",32,"0","0",8390
12571,cuir_bouilli,38,"0",2473969,1,"0","0",32,"0","0",8193
13709,cuir_bouilli_+1,38,"0",2473969,1,"0","0",32,"0","0",8193
14399,culinarians_apron,1,"0",4194303,124,"0","0",32,"0","0",8316
11336,culinarians_smock,1,"0",4194303,155,"0","0",32,"0","0",8347
11265,custom_gilet,1,"0",4194303,225,"0","0",32,64,"0",8417
11273,custom_gilet_+1,1,"0",4194303,225,"0","0",32,64,"0",8417
11266,custom_top,1,"0",4194303,225,"0","0",32,64,"0",8417
11274,custom_top_+1,1,"0",4194303,225,"0","0",32,64,"0",8417
12654,custom_tunic,33,"0",4194303,31,"0","0",32,"0","0",8223
12655,custom_vest,33,"0",4194303,31,"0","0",32,"0","0",8223
25785,dagon_breast.,99,119,10433,325,"0","0",32,"0","0",8517
13787,dalmatica,73,"0",1065500,107,"0","0",32,"0","0",8299
13788,dalmatica_+1,73,"0",1065500,107,"0","0",32,"0","0",8299
14578,dancers_casaque,60,"0",262144,210,"0","0",32,"0","0",8402
14579,dancers_casaque,60,"0",262144,211,"0","0",32,"0","0",8403
12547,darksteel_cuirass,66,"0",192,22,"0","0",32,"0","0",8214
12580,darksteel_harness,65,"0",2472947,14,"0","0",32,"0","0",8206
10251,decennial_coat,1,"0",4194303,331,"0","0",32,64,"0",8523
10253,decennial_coat_+1,1,"0",4194303,331,"0","0",32,64,"0",8523
10252,decennial_dress,1,"0",4194303,332,"0","0",32,64,"0",8524
10254,decennial_dress_+1,1,"0",4194303,332,"0","0",32,64,"0",8524
14549,deimoss_cuirass,35,"0",8385,22,"0","0",32,"0","0",8214
26523,delegates_garb,1,"0",4194303,441,"0","0",32,"0","0",8633
13780,demons_cloak,68,"0",8,46,"0","0",32,16,"0",8238
13767,demons_harness,70,"0",128,35,"0","0",32,"0","0",8227
14569,denali_jacket,75,"0",2462754,196,"0","0",32,"0","0",8388
26948,despair_mail,99,119,2141649,389,"0","0",32,"0","0",8581
11355,dinner_jacket,1,"0",4194303,230,"0","0",32,64,"0",8422
13727,dino_jerkin,48,"0",2473969,7,"0","0",32,"0","0",8199
13813,divine_breastplate,40,"0",4,97,"0","0",32,"0","0",8289
14504,dls._tabard_+1,75,"0",16,73,"0","0",32,"0","0",8265
10674,dls._tabard_+2,90,"0",16,73,"0","0",32,"0","0",8265
13768,dmn._harness_+1,70,"0",128,35,"0","0",32,"0","0",8227
11302,dnc._casaque_+1,74,"0",262144,210,"0","0",32,"0","0",8402
11303,dnc._casaque_+1,74,"0",262144,211,"0","0",32,"0","0",8403
12592,doublet,11,"0",3662710,21,"0","0",32,"0","0",8213
12591,doublet_+1,11,"0",3662710,21,"0","0",32,"0","0",8213
12649,drachen_mail,58,"0",8192,90,"0","0",32,"0","0",8282
14389,dragon_harness,73,"0",32,110,"0","0",32,"0","0",8302
14390,dragon_harness_+1,73,"0",32,110,"0","0",32,"0","0",8302
12564,dragon_mail,70,"0",8192,60,"0","0",32,"0","0",8252
13762,dragon_mail_+1,70,"0",8192,60,"0","0",32,"0","0",8252
27858,dread_jupon,99,119,2462754,163,"0","0",32,"0","0",8355
14519,dream_robe,1,"0",4194303,140,"0","0",32,"0","0",8332
14520,dream_robe_+1,1,"0",4194303,140,"0","0",32,"0","0",8332
14486,drn._mail_+1,74,"0",8192,90,"0","0",32,"0","0",8282
13756,dst._cuirass_+1,66,"0",192,22,"0","0",32,"0","0",8214
13765,dst._harness_+1,65,"0",2472947,14,"0","0",32,"0","0",8206
15091,duelists_tabard,74,"0",16,73,"0","0",32,"0","0",8265
14401,duende_cotehardie,50,"0",1064968,48,"0","0",32,"0","0",8240
10263,dune_gilet,1,"0",4194303,334,"0","0",32,64,"0",8526
10271,dune_gilet_+1,1,"0",4194303,334,"0","0",32,64,"0",8526
12573,dusk_jerkin,72,"0",2473969,109,"0","0",32,"0","0",8301
14391,dusk_jerkin_+1,72,"0",2473969,109,"0","0",32,"0","0",8301
10273,dux_sc._mail_+1,99,"0",2141649,336,"0","0",32,"0","0",8528
10272,dux_scale_mail,99,"0",2141649,336,"0","0",32,"0","0",8528
13732,earth_doublet,42,"0",3662710,43,"0","0",32,"0","0",8235
14560,eas_doublet,25,"0",16900,133,"0","0",32,"0","0",8325
26530,ea_houppe._+1,99,119,1048600,101,"0","0",32,"0",3,8293
26529,ea_houppelande,99,119,1048600,101,"0","0",32,"0",3,8293
26902,ebers_bliaud,99,109,4,284,"0","0",32,"0","0",8476
26903,ebers_bliaud_+1,99,119,4,284,"0","0",32,"0","0",8476
12174,ebon_bliaut,71,"0",16388,264,"0","0",32,"0","0",8456
12153,ebon_breastplate,71,"0",8641,279,"0","0",32,"0","0",8471
12171,ebon_coat,71,"0",1572872,261,"0","0",32,"0","0",8453
12144,ebon_cuirass,71,"0",129,270,"0","0",32,"0","0",8462
12177,ebon_frock,71,"0",1622556,267,"0","0",32,"0","0",8459
12156,ebon_harness,71,"0",2563106,246,"0","0",32,"0","0",8438
12150,ebon_haubert,71,"0",64,276,"0","0",32,"0","0",8468
12159,ebon_jerkin,71,"0",66560,249,"0","0",32,"0","0",8441
12147,ebon_mail,71,"0",8448,273,"0","0",32,"0","0",8465
12168,ebon_talar,71,"0",33296,258,"0","0",32,"0","0",8450
12165,ebon_vest,71,"0",2363424,255,"0","0",32,"0","0",8447
12176,ebur_bliaut,71,"0",16388,266,"0","0",32,"0","0",8458
12155,ebur_breastplate,71,"0",8641,281,"0","0",32,"0","0",8473
12173,ebur_coat,71,"0",1572872,263,"0","0",32,"0","0",8455
12146,ebur_cuirass,71,"0",129,272,"0","0",32,"0","0",8464
12179,ebur_frock,71,"0",1622556,269,"0","0",32,"0","0",8461
12158,ebur_harness,71,"0",2563106,248,"0","0",32,"0","0",8440
12152,ebur_haubert,71,"0",64,278,"0","0",32,"0","0",8470
12161,ebur_jerkin,71,"0",66560,251,"0","0",32,"0","0",8443
12149,ebur_mail,71,"0",8448,275,"0","0",32,"0","0",8467
12170,ebur_talar,71,"0",33296,260,"0","0",32,"0","0",8452
12167,ebur_vest,71,"0",2363424,257,"0","0",32,"0","0",8449
11300,eerie_cloak,1,"0",4194303,229,"0","0",32,16,"0",8421
11301,eerie_cloak_+1,1,"0",4194303,229,"0",73,32,16,"0",8421
10469,eirenes_manteel,99,"0",1589276,160,"0","0",32,"0","0",8352
14431,eisenbrust,29,"0",65,138,"0","0",32,"0","0",8330
12660,elders_surcoat,33,"0",4194303,31,"0","0",32,"0","0",8223
11272,elder_gilet,1,"0",4194303,225,"0","0",32,64,"0",8417
11280,elder_gilet_+1,1,"0",4194303,225,"0","0",32,64,"0",8417
12634,elvaan_bodice,1,"0",4194303,8,"0","0",32,"0","0",8200
14452,elvaan_gilet,1,"0",4194303,157,"0","0",32,64,"0",8349
14459,elvaan_gilet_+1,1,"0",4194303,157,"0","0",32,64,"0",8349
12633,elvaan_jerkin,1,"0",4194303,8,"0","0",32,"0","0",8200
14453,elvaan_top,1,"0",4194303,157,"0","0",32,64,"0",8349
14460,elvaan_top_+1,1,"0",4194303,157,"0","0",32,64,"0",8349
26870,emet_harness,99,119,2472947,34,"0","0",32,"0","0",8226
26871,emet_harness_+1,99,119,2472947,34,"0","0",32,"0","0",8226
25682,emicho_haubert,99,119,8641,323,"0","0",32,"0","0",8515
25683,emicho_haubert_+1,99,119,8641,323,"0","0",32,"0","0",8515
26962,enforcers_harness,99,119,2594082,300,"0","0",32,"0","0",8492
10276,enif_corazza,99,"0",41184,159,"0","0",32,"0","0",8351
11284,enkidus_harness,72,"0",2595874,56,"0","0",32,"0","0",8248
14561,enlils_gambison,35,"0",16900,23,"0","0",32,"0","0",8215
14547,enyos_brstplate,15,"0",8385,2,"0","0",32,"0","0",8194
26940,erilaz_surcoat,99,109,2097152,371,"0","0",32,"0","0",8563
26941,erilaz_surcoat_+1,99,119,2097152,371,"0","0",32,"0","0",8563
14380,errant_hpl.,72,"0",3850780,101,"0","0",32,"0","0",8293
26947,eschite_breast.,99,119,193,392,"0","0",32,"0","0",8584
27882,espial_gambison,99,117,3662710,23,"0","0",32,"0","0",8215
12032,estoqueurs_sayon,89,"0",16,286,"0","0",32,"0","0",8478
11188,estq._sayon_+1,89,"0",16,286,"0","0",32,"0","0",8478
11088,estq._sayon_+2,89,"0",16,286,"0","0",32,"0","0",8478
11305,etoile_casaque,75,"0",262144,304,"0","0",32,"0","0",8496
11306,etoile_casaque_+1,75,"0",262144,304,"0","0",32,"0","0",8496
10688,etoile_casaque_+2,90,"0",262144,304,"0","0",32,"0","0",8496
10475,euxine_coat,99,"0",2593826,196,"0","0",32,"0","0",8388
10476,euxine_coat_+1,99,"0",2593826,196,"0","0",32,"0","0",8388
10477,euxine_coat_+2,99,"0",2593826,196,"0","0",32,"0","0",8388
10478,euxine_coat_+3,99,"0",2593826,196,"0","0",32,"0","0",8388
14487,evk._doublet_+1,74,"0",16384,92,"0","0",32,"0","0",8284
12650,evokers_doublet,58,"0",16384,92,"0","0",32,"0","0",8284
11842,facio_bliaut,87,"0",16388,264,"0","0",32,"0","0",8456
13731,faerie_tunic,27,"0",3851870,46,"0","0",32,16,"0",8238
26815,fall._cuirass_+1,99,119,128,79,"0","0",32,"0","0",8271
23137,fall._cuirass_+2,99,119,128,79,"0","0",32,"0","0",8271
23472,fall._cuirass_+3,99,119,128,79,"0","0",32,"0","0",8271
26814,fallens_cuirass,99,109,128,79,"0","0",32,"0","0",8271
25774,fancy_gilet,1,"0",4194303,447,"0","0",32,64,"0",8639
25775,fancy_top,1,"0",4194303,448,"0","0",32,64,"0",8640
11850,fazheluo_mail,90,"0",10689,206,"0","0",32,"0","0",8398
11858,fazheluo_mail_+1,90,"0",10689,206,"0","0",32,"0","0",8398
11857,fazheluo_r._mail,90,"0",10689,209,"0","0",32,"0","0",8401
27797,feas_robe,99,"0",1605656,186,"0","0",32,"0","0",8378
10291,febro_kaftan,99,"0",2462754,234,"0","0",32,"0","0",8426
14353,fed._doublet,34,"0",3662710,21,"0","0",32,"0","0",8213
14430,federation_aketon,1,"0",4194303,112,"0",5,32,"0","0",8304
14351,federation_gi,25,"0",6146,17,"0","0",32,"0","0",8209
13763,feral_jerkin,65,"0",2473969,50,"0","0",32,"0","0",8242
12036,ferine_gausape,89,"0",256,290,"0","0",32,"0","0",8482
11192,ferine_gausape_+1,89,"0",256,290,"0","0",32,"0","0",8482
11092,ferine_gausape_+2,89,"0",256,290,"0","0",32,"0","0",8482
10287,feverish_korazin,99,"0",10433,174,"0","0",32,"0","0",8366
14374,field_tunica,1,"0",4194303,105,"0","0",32,"0","0",8297
12638,fighters_lorica,60,"0",1,64,"0","0",32,"0","0",8256
26916,fili_hongreline,99,109,512,291,"0","0",32,"0","0",8483
26917,fili_hongreline_+1,99,119,512,291,"0","0",32,"0","0",8483
13697,fine_jerkin,17,"0",2473969,6,"0","0",32,"0","0",8198
14400,fishermans_apron,1,"0",4194303,122,"0","0",32,"0","0",8314
11337,fishermans_smock,1,"0",4194303,153,"0","0",32,"0","0",8345
25779,flamma_korazin,99,119,10433,195,"0","0",32,"0","0",8387
25780,flamma_korazin_+1,99,119,10433,195,"0","0",32,"0","0",8387
25797,flamma_korazin_+2,99,119,10433,195,"0","0",32,"0","0",8387
25742,flaviria_unity_shirt,1,"0",4194303,432,"0","0",32,"0","0",8624
13755,flora_cotehardie,59,"0",3069758,49,"0","0",32,"0","0",8241
27824,foire_tobe,99,109,131072,169,"0","0",32,"0","0",8361
27845,foire_tobe_+1,99,119,131072,169,"0","0",32,"0","0",8361
23124,foire_tobe_+2,99,119,131072,169,"0","0",32,"0","0",8361
23459,foire_tobe_+3,99,119,131072,169,"0","0",32,"0","0",8361
14466,fomor_tunic,40,"0",4179646,3,"0","0",32,16,"0",8195
26877,foppish_tunica,99,119,2593826,382,"0","0",32,"0",2,8574
26878,foppish_tunica_+1,99,119,2593826,382,"0","0",32,"0",2,8574
27910,found._breastplate,99,119,10433,357,"0","0",32,"0","0",8549
14589,fourth_brunne,68,"0",14785,222,"0","0",32,"0","0",8414
14582,fourth_cuirass,55,"0",193,25,"0","0",32,"0","0",8217
14585,fourth_tunica,1,"0",4194303,102,"0","0",32,"0","0",8294
14553,freyas_jerkin,35,"0",66848,50,"0","0",32,"0","0",8242
14552,freyrs_jerkin,25,"0",66848,7,"0","0",32,"0","0",8199
13730,frost_robe,33,"0",4179646,18,"0","0",32,"0","0",8210
13808,fsh._tunica,1,"0",4194303,102,"0","0",32,"0","0",8294
14473,ftr._lorica_+1,74,"0",1,64,"0","0",32,"0","0",8256
10465,fulad-zereh,97,"0",6593,328,"0","0",32,"0","0",8520
12175,furia_bliaut,71,"0",16388,265,"0","0",32,"0","0",8457
12154,furia_breastplate,71,"0",8641,280,"0","0",32,"0","0",8472
12172,furia_coat,71,"0",1572872,262,"0","0",32,"0","0",8454
12145,furia_cuirass,71,"0",129,271,"0","0",32,"0","0",8463
12178,furia_frock,71,"0",1622556,268,"0","0",32,"0","0",8460
12157,furia_harness,71,"0",2563106,247,"0","0",32,"0","0",8439
12151,furia_haubert,71,"0",64,277,"0","0",32,"0","0",8469
12160,furia_jerkin,71,"0",66560,250,"0","0",32,"0","0",8442
12148,furia_mail,71,"0",8448,274,"0","0",32,"0","0",8466
12169,furia_talar,71,"0",33296,259,"0","0",32,"0","0",8451
12166,furia_vest,71,"0",2363424,256,"0","0",32,"0","0",8448
26842,futhark_coat,99,109,2097152,339,"0","0",32,"0","0",8531
26843,futhark_coat_+1,99,119,2097152,339,"0","0",32,"0","0",8531
23151,futhark_coat_+2,99,119,2097152,339,"0","0",32,"0","0",8531
23486,futhark_coat_+3,99,119,2097152,339,"0","0",32,"0","0",8531
27867,g._moogle_suit,1,"0",4194303,307,"0","0",32,320,"0",8499
27902,g._spriggan_coat,1,"0",4194303,361,"0","0",32,16,"0",8553
13798,gaia_doublet,52,"0",3662710,43,"0","0",32,"0","0",8235
13799,gaia_doublet_+1,52,"0",3662710,43,"0","0",32,"0","0",8235
12637,galkan_surcoat,1,"0",4194303,8,"0","0",32,"0","0",8200
14456,galka_gilet,1,"0",4194303,157,"0","0",32,64,"0",8349
14463,galka_gilet_+1,1,"0",4194303,157,"0","0",32,64,"0",8349
12644,gallant_surcoat,60,"0",64,76,"0","0",32,"0","0",8268
12594,gambison,36,"0",3662710,23,"0","0",32,"0","0",8215
12625,gambison_+1,36,"0",3662710,23,"0","0",32,"0","0",8215
14425,garish_tunic,30,"0",2131538,130,"0","0",32,"0","0",8322
13818,garrison_tunica,18,"0",4194303,104,"0","0",32,"0","0",8296
14413,gaudy_harness,50,"0",768,56,"0","0",32,"0","0",8248
12565,gavial_mail,72,"0",2107392,27,"0","0",32,"0","0",8219
13747,gavial_mail_+1,72,"0",2107392,27,"0","0",32,"0","0",8219
26881,gefechtbrust,99,119,10433,138,"0","0",32,"0",1,8330
13746,gem_cuirass,73,"0",65,55,"0","0",32,"0","0",8247
27877,gende._bilaut_+1,99,119,524820,265,"0","0",32,"0","0",8457
27915,gendewitha_bliaut,99,113,524820,265,"0","0",32,"0","0",8457
14421,genie_weskit,73,"0",8,137,"0","0",32,"0","0",8329
27800,genta_hara-ate,45,"0",137218,9,"0","0",32,"0","0",8201
27849,geo._tunic_+1,99,119,1048576,308,"0","0",32,"0","0",8500
27926,geomancy_tunic,99,109,1048576,308,"0","0",32,"0","0",8500
23128,geomancy_tunic_+2,99,119,1048576,308,"0","0",32,"0","0",8500
23463,geomancy_tunic_+3,99,119,1048576,308,"0","0",32,"0","0",8500
13738,gilt_cuirass,60,"0",193,25,"0","0",32,"0","0",8217
26524,gil_nabber_shirt,1,"0",4194303,585,"0","0",32,"0","0",8777
12164,ginhaku_togi,71,"0",133122,254,"0","0",32,"0","0",8446
14408,glamor_jupon,50,"0",524304,24,"0","0",32,"0","0",8216
23763,gletis_cuirass,99,119,303392,465,"0","0",32,"0","0",8657
14409,gloom_breastplate,50,"0",128,29,"0","0",32,"0","0",8221
14479,glt._surcoat_+1,74,"0",64,76,"0","0",32,"0","0",8268
26828,glyphic_doublet,99,109,16384,93,"0","0",32,"0","0",8285
26829,glyphic_doublet_+1,99,119,16384,93,"0","0",32,"0","0",8285
23144,glyphic_doublet_+2,99,119,16384,93,"0","0",32,"0","0",8285
23479,glyphic_doublet_+3,99,119,16384,93,"0","0",32,"0","0",8285
27866,goblin_suit,1,"0",4194303,372,"0","0",32,320,"0",8564
12031,goetia_coat,89,"0",8,285,"0","0",32,"0","0",8477
11187,goetia_coat_+1,89,"0",8,285,"0","0",32,"0","0",8477
11087,goetia_coat_+2,89,"0",8,285,"0","0",32,"0","0",8477
14394,goldsmiths_apron,1,"0",4194303,125,"0","0",32,"0","0",8317
11331,goldsmiths_smock,1,"0",4194303,156,"0","0",32,"0","0",8348
12546,gold_cuirass,60,"0",193,25,"0","0",32,"0","0",8217
14570,goliard_saio,75,"0",1720860,197,"0","0",32,"0","0",8389
27907,gorney_haubert,99,106,10689,354,"0","0",32,"0","0",8546
27863,gorney_haubert_+1,99,119,10689,354,"0","0",32,"0","0",8546
10284,grandoynes_mail,99,"0",10689,60,"0","0",32,"0","0",8252
12669,great_doublet,23,"0",3662710,21,"0","0",32,"0","0",8213
11328,green_race_silks,1,"0",4194303,194,"0","0",32,"0","0",8386
13792,grim_cuirass,80,"0",193,202,"0","0",32,"0","0",8394
12620,grim_cuirass_+1,80,"0",193,202,"0","0",32,"0","0",8394
11828,gules_harness,79,"0",2589730,56,"0","0",32,"0","0",8248
11829,gules_harness_+1,79,"0",2589730,56,"0","0",32,"0","0",8248
10466,gunman_gambison,97,"0",66560,162,"0","0",32,"0","0",8354
25708,gyve_doublet,99,119,1758748,410,"0","0",32,"0","0",8602
27840,hachi._chain._+1,99,119,4096,88,"0","0",32,"0","0",8280
27819,hachi._chainmail,99,109,4096,88,"0","0",32,"0","0",8280
14437,hachiman_domaru,70,"0",2048,141,"0","0",32,"0","0",8333
11281,hachiryu_haramaki,75,"0",7171,227,"0","0",32,"0","0",8419
23119,hachiya_chain._+2,99,119,4096,88,"0","0",32,"0","0",8280
23454,hachiya_chain._+3,99,119,4096,88,"0","0",32,"0","0",8280
27916,hagondes_coat,99,113,1622040,262,"0","0",32,"0","0",8454
27878,hagondes_coat_+1,99,119,1622040,262,"0","0",32,"0","0",8454
12587,hara-ate,46,"0",2048,9,"0","0",32,"0","0",8201
13769,hara-ate_+1,46,"0",2048,9,"0","0",32,"0","0",8201
27893,haruspex_coat,99,114,4179646,375,"0","0",32,"0","0",8567
27894,haruspex_coat_+1,99,115,4179646,375,"0","0",32,"0","0",8567
26928,hashishin_mintan,99,109,32768,297,"0","0",32,"0","0",8489
26929,hashishin_mintan_+1,99,119,32768,297,"0","0",32,"0","0",8489
26922,hattori_ningi,99,109,4096,294,"0","0",32,"0","0",8486
26923,hattori_ningi_+1,99,119,4096,294,"0","0",32,"0","0",8486
12555,haubergeon,59,"0",6593,40,"0","0",32,"0","0",8232
13735,haubergeon_+1,59,"0",6593,40,"0","0",32,"0","0",8232
12556,hauberk,69,"0",385,58,"0","0",32,"0","0",8250
13793,hauberk_+1,69,"0",385,58,"0","0",32,"0","0",8250
14379,hct._harness_+1,73,"0",2106337,100,"0","0",32,"0","0",8292
26540,he._harness_+1,99,119,131328,110,"0","0",32,"0","0",8302
12640,healers_briault,58,"0",4,68,"0","0",32,"0","0",8260
14495,healing_harness,16,"0",2472947,16,"0","0",32,"0","0",8208
14496,healing_jstcorps,58,"0",4179646,45,"0","0",32,"0","0",8237
14494,healing_mail,70,"0",8192,60,"0","0",32,"0","0",8252
14493,healing_vest,30,"0",2473969,1,"0","0",32,"0","0",8193
26889,heart_apron,1,"0",4194303,576,"0","0",32,"0","0",8768
26890,heart_apron_+1,1,"0",4194303,576,"0","0",32,"0","0",8768
26913,heath._cuirass_+1,99,119,128,289,"0","0",32,"0","0",8481
26912,heathens_cuirass,99,109,128,289,"0","0",32,"0","0",8481
13794,heavy_cuirass,70,"0",193,22,"0","0",32,"0","0",8214
14378,hecatomb_harness,73,"0",2106337,100,"0","0",32,"0","0",8292
10487,hedera_cotehardie,99,"0",3850780,48,"0","0",32,"0","0",8240
23742,heidrek_harness,99,119,2462754,252,"0","0",32,"0","0",8444
11867,hekas_kalasiris,95,"0",1720860,213,"0","0",32,"0","0",8405
26895,helios_jacket,99,119,1622044,327,"0","0",32,"0","0",8519
25718,herculean_vest,99,119,2593826,580,"0","0",32,"0","0",8772
23741,hervor_haubert,99,119,10689,276,"0","0",32,"0","0",8468
26802,hes._cyclas,99,109,2,67,"0","0",32,"0","0",8259
26803,hes._cyclas_+1,99,119,2,67,"0","0",32,"0","0",8259
23131,hes._cyclas_+2,99,119,2,67,"0","0",32,"0","0",8259
23466,hes._cyclas_+3,99,119,2,67,"0","0",32,"0","0",8259
10244,hexed_bliaut,99,"0",524820,18,"0","0",32,"0","0",8210
10249,hexed_bliaut_-1,99,"0",524820,18,"0","0",32,"0","0",8210
10241,hexed_domaru,99,"0",137218,4,"0","0",32,"0","0",8196
10246,hexed_domaru_-1,99,"0",137218,4,"0","0",32,"0","0",8196
10243,hexed_doublet,99,"0",1622040,20,"0","0",32,"0","0",8212
10248,hexed_doublet_-1,99,"0",1622040,20,"0","0",32,"0","0",8212
10240,hexed_haubert,99,"0",8641,5,"0","0",32,"0","0",8197
10245,hexed_haubert_-1,99,"0",8641,5,"0","0",32,"0","0",8197
10242,hexed_jacket,99,"0",2462754,171,"0","0",32,"0","0",8363
10247,hexed_jacket_-1,99,"0",2462754,171,"0","0",32,"0","0",8363
26539,heyoka_harness,99,119,131328,110,"0","0",32,"0",3,8302
14497,high_heal._harness,45,"0",2472947,14,"0","0",32,"0","0",8206
14492,high_mana_cloak,50,"0",3851870,11,"0","0",32,16,"0",8203
14557,hikazu_hara-ate,35,"0",137218,9,"0","0",32,"0","0",8201
11861,hikogami_yukata,1,"0",4194303,224,"0","0",32,"0","0",8416
11862,himegami_yukata,1,"0",4194303,233,"0","0",32,"0","0",8425
26872,hime_domaru,99,119,2048,141,"0","0",32,"0","0",8333
26873,hime_domaru_+1,99,119,2048,141,"0","0",32,"0","0",8333
25750,hiza._haramaki_+1,99,119,137218,184,"0","0",32,"0","0",8376
25792,hiza._haramaki_+2,99,119,137218,184,"0","0",32,"0","0",8376
25749,hizamaru_haramaki,99,119,137218,184,"0","0",32,"0","0",8376
25766,hjarrandi_breast,99,119,8385,199,"0","0",32,"0","0",8391
14475,hlr._briault_+1,74,"0",4,68,"0","0",32,"0","0",8260
14439,hmn._domaru_+1,70,"0",2048,141,"0","0",32,"0","0",8333
13812,holy_breastplate,40,"0",4,97,"0","0",32,"0","0",8289
14488,homam_corazza,75,"0",41184,159,"0","0",32,"0","0",8351
26836,horos_casaque,99,109,262144,304,"0","0",32,"0","0",8496
26837,horos_casaque_+1,99,119,262144,304,"0","0",32,"0","0",8496
23148,horos_casaque_+2,99,119,262144,304,"0","0",32,"0","0",8496
23483,horos_casaque_+3,99,119,262144,304,"0","0",32,"0","0",8496
14555,hoshikazu_gi,15,"0",137218,17,"0","0",32,"0","0",8209
11873,hrafn_haubert,99,"0",8641,323,"0","0",32,"0","0",8515
14483,htr._jerkin_+1,74,"0",1024,84,"0","0",32,"0","0",8276
10489,huginn_haubert,99,"0",8641,323,"0","0",32,"0","0",8515
14450,hume_gilet,1,"0",4194303,157,"0","0",32,64,"0",8349
14457,hume_gilet_+1,1,"0",4194303,157,"0","0",32,64,"0",8349
14451,hume_top,1,"0",4194303,157,"0","0",32,64,"0",8349
14458,hume_top_+1,1,"0",4194303,157,"0","0",32,64,"0",8349
12631,hume_tunic,1,"0",4194303,8,"0","0",32,"0","0",8200
12632,hume_vest,1,"0",4194303,8,"0","0",32,"0","0",8200
12648,hunters_jerkin,58,"0",1024,84,"0","0",32,"0","0",8276
14515,hydra_doublet,70,"0",1589788,132,"0","0",32,"0","0",8324
14516,hydra_harness,70,"0",2473971,128,"0","0",32,"0","0",8320
14517,hydra_haubert,70,"0",193,164,"0","0",32,"0","0",8356
14518,hydra_jupon,70,"0",4194303,163,"0","0",32,"0","0",8355
14537,hydra_mail,72,"0",2107392,27,"0","0",32,"0","0",8219
14538,hydra_mail_+1,72,"0",2107392,27,"0","0",32,"0","0",8219
11852,hyksos_robe,90,"0",1720860,205,"0","0",32,"0","0",8397
11860,hyksos_robe_+1,90,"0",1720860,205,"0","0",32,"0","0",8397
14342,i.m._cuirass_+1,52,"0",193,25,"0","0",32,"0","0",8217
14343,i.m._cuirass_+2,52,"0",193,25,"0","0",32,"0","0",8217
14581,i.r._chainmail,45,"0",6593,12,"0","0",32,"0","0",8204
14584,i.r._jack_coat,1,"0",4194303,103,"0","0",32,"0","0",8295
25736,i._shield_unity_shirt,1,"0",4194303,426,"0","0",32,"0","0",8618
10493,iaso_bliaut,99,"0",524820,321,"0","0",32,"0","0",8513
27799,idis_jerkin,45,"0",2426144,7,"0","0",32,"0","0",8199
12040,iga_ningi,89,"0",4096,294,"0","0",32,"0","0",8486
11196,iga_ningi_+1,89,"0",4096,294,"0","0",32,"0","0",8486
11096,iga_ningi_+2,89,"0",4096,294,"0","0",32,"0","0",8486
27835,igno._cuirass_+1,99,119,128,78,"0","0",32,"0","0",8270
27814,ignominy_cuirass,99,109,128,78,"0","0",32,"0","0",8270
23114,ignominy_cuirass_+2,99,119,128,78,"0","0",32,"0","0",8270
23449,ignominy_cuirass_+3,99,119,128,78,"0","0",32,"0","0",8270
14420,igqira_weskit,73,"0",8,137,"0","0",32,"0","0",8329
23762,ikengas_vest,99,119,66560,464,"0","0",32,"0","0",8656
25751,inyanga_jubbah,99,119,16900,185,"0","0",32,"0","0",8377
25752,inyanga_jubbah_+1,99,119,16900,185,"0","0",32,"0","0",8377
25793,inyanga_jubbah_+2,99,119,16900,185,"0","0",32,"0","0",8377
14356,irn.msk.gmbsn._+1,43,"0",3662710,23,"0","0",32,"0","0",8215
14357,irn.msk.gmbsn._+2,43,"0",3662710,23,"0","0",32,"0","0",8215
12550,irn.msk._cuirass,50,"0",193,25,"0","0",32,"0","0",8217
13721,irn.msk._gambison,40,"0",3662710,23,"0","0",32,"0","0",8215
14588,iron_ram_hauberk,68,"0",193,221,"0","0",32,"0","0",8413
13783,iron_scale_mail,37,"0",2141649,52,"0","0",32,"0","0",8244
13784,iron_scale_mail_+1,37,"0",2141649,52,"0","0",32,"0","0",8244
27868,ischemia_chasu.,99,119,1622556,143,"0","0",32,"0","0",8335
27914,iuitl_vest,99,113,2458912,256,"0","0",32,"0","0",8448
27876,iuitl_vest_+1,99,119,2458912,256,"0","0",32,"0","0",8448
11289,ixion_cloak,74,"0",3850780,46,"0","0",32,16,"0",8238
25740,jakoh_unity_shirt,1,"0",4194303,430,"0","0",32,"0","0",8622
14526,jaridah_peti,55,"0",2473969,172,"0","0",32,"0","0",8364
25753,jhakri_robe,99,119,1605656,186,"0","0",32,"0","0",8378
25754,jhakri_robe_+1,99,119,1605656,186,"0","0",32,"0","0",8378
25794,jhakri_robe_+2,99,119,1605656,186,"0","0",32,"0","0",8378
25701,jinxed_bliaut,99,"0",524820,321,"0","0",32,"0","0",8513
25695,jinxed_domaru,99,"0",137218,324,"0","0",32,"0","0",8516
25699,jinxed_doublet,99,"0",1622040,322,"0","0",32,"0","0",8514
25693,jinxed_haubert,99,"0",8641,323,"0","0",32,"0","0",8515
25697,jinxed_jacket,99,"0",2462754,320,"0","0",32,"0","0",8512
26518,jody_shirt,1,"0",4194303,587,"0","0",32,"0","0",8779
25722,jubilee_shirt,1,"0",4194303,583,"0","0",32,"0","0",8775
12551,judges_cuirass,1,"0",4194303,30,"0","0",32,"0","0",8222
13728,jujitsu_gi,40,"0",6146,37,"0","0",32,"0","0",8229
26972,jumalik_mail,99,119,8641,400,"0","0",32,"0","0",8592
14336,juogi,80,"0",137218,216,"0","0",32,"0","0",8408
12622,juogi_+1,80,"0",137218,216,"0","0",32,"0","0",8408
12613,jurfu_cloak,93,"0",3851870,11,"0","0",32,16,"0",8203
13744,justaucorps,58,"0",4179646,45,"0","0",32,"0","0",8237
13745,justaucorps_+1,58,"0",4179646,45,"0","0",32,"0","0",8237
10458,kacura_harness,96,"0",2462754,110,"0","0",32,"0","0",8302
10459,kacura_harness_+1,96,"0",2462754,110,"0","0",32,"0","0",8302
14370,kaiser_cuirass,73,"0",65,95,"0","0",32,"0","0",8287
14435,kampfbrust,29,"0",65,138,"0","0",32,"0","0",8330
26933,kara._farsetto_+1,99,119,131072,299,"0","0",32,"0","0",8491
26932,karagoz_farsetto,99,109,131072,299,"0","0",32,"0","0",8491
27925,karieyh_haubert,99,100,10689,342,"0","0",32,"0","0",8534
27895,karieyh_haubert_+1,99,109,10689,342,"0","0",32,"0","0",8534
27861,karmesin_vest,99,119,2473969,33,"0","0",32,"0","0",8225
26920,kasuga_domaru,99,109,2048,293,"0","0",32,"0","0",8485
26921,kasuga_domaru_+1,99,119,2048,293,"0","0",32,"0","0",8485
25690,kaykaus_bliaut,99,119,524820,321,"0","0",32,"0","0",8513
25691,kaykaus_bliaut_+1,99,119,524820,321,"0","0",32,"0","0",8513
26527,ken._samue,99,119,6146,61,"0","0",32,"0",3,8253
26528,ken._samue_+1,99,119,6146,61,"0","0",32,"0",3,8253
27859,kengyu_happi,1,"0",4194303,368,"0","0",32,"0","0",8560
12584,kenpogi,8,"0",6146,17,"0","0",32,"0","0",8209
12668,kenpogi_+1,8,"0",6146,17,"0","0",32,"0","0",8209
27793,kers_cuirass,99,"0",8385,182,"0","0",32,"0","0",8374
11875,kheper_jacket,99,"0",2462754,320,"0","0",32,"0","0",8512
10491,khepri_jacket,99,"0",2462754,320,"0","0",32,"0","0",8512
14566,khimaira_jacket,71,"0",256,134,"0","0",32,"0","0",8326
14428,kingdom_aketon,1,"0",4194303,111,"0","0",32,"0","0",8303
14349,kingdom_tunic,15,"0",3851870,3,"0","0",32,16,"0",8195
14345,kingdom_vest,15,"0",2473969,1,"0","0",32,"0","0",8193
13758,kings_cuirass,70,"0",64,36,"0","0",32,"0","0",8228
12562,kirins_osode,75,"0",7939,99,"0","0",32,"0","0",8291
12549,koenig_cuirass,73,"0",65,95,"0","0",32,"0","0",8287
14512,kog._chainmail_+1,75,"0",4096,89,"0","0",32,"0","0",8281
10682,kog._chainmail_+2,90,"0",4096,89,"0","0",32,"0","0",8281
15099,koga_chainmail,74,"0",4096,89,"0","0",32,"0","0",8281
11838,kokugetsu_togi,87,"0",133122,252,"0","0",32,"0","0",8444
25715,korrigan_suit,1,"0",4194303,417,"0","0",32,128,"0",8609
10282,krabat_jacket,99,"0",1572872,204,"0","0",32,"0","0",8396
26959,kubira_meikogai,99,119,10689,302,"0","0",32,"0","0",8494
10488,kudzu_aketon,99,"0",2569522,96,"0","0",32,"0","0",8288
10468,kumarbis_akar,99,"0",10689,203,"0","0",32,"0","0",8395
25726,kupo_suit,1,"0",4194303,307,"0","0",32,128,"0",8499
14539,kyudogi,70,"0",3072,180,"0","0",32,"0","0",8372
14540,kyudogi_+1,70,"0",3072,180,"0","0",32,"0","0",8372
27888,kyujutsugi,99,119,3072,180,"0","0",32,"0","0",8372
13822,ladys_yukata,1,"0",4194303,127,"0","0",32,"0","0",8319
10280,laeradr_breastplate,99,"0",193,199,"0","0",32,"0","0",8391
27823,lak._frac,99,109,65536,167,"0","0",32,"0","0",8359
27844,lak._frac_+1,99,119,65536,167,"0","0",32,"0","0",8359
23123,laksa._frac_+2,99,119,65536,167,"0","0",32,"0","0",8359
23458,laksa._frac_+3,99,119,65536,167,"0","0",32,"0","0",8359
26832,lanun_frac,99,109,65536,168,"0","0",32,"0","0",8360
26833,lanun_frac_+1,99,119,65536,168,"0","0",32,"0","0",8360
23146,lanun_frac_+2,99,119,65536,168,"0","0",32,"0","0",8360
23481,lanun_frac_+3,99,119,65536,168,"0","0",32,"0","0",8360
26970,lapidary_tunic,99,119,2462754,322,"0","0",32,"0","0",8514
10290,laudan_cuirass,99,"0",10689,202,"0","0",32,"0","0",8394
12568,leather_vest,7,"0",2473969,1,"0","0",32,"0","0",8193
12599,leather_vest_+1,7,"0",2473969,1,"0","0",32,"0","0",8193
26906,lethargy_sayon,99,109,16,286,"0","0",32,"0","0",8478
26907,lethargy_sayon_+1,99,119,16,286,"0","0",32,"0","0",8478
12629,lgn._harness,10,"0",2472947,15,"0","0",32,"0","0",8207
13750,linen_doublet,33,"0",2615158,21,"0","0",32,"0","0",8213
13751,linen_doublet_+1,33,"0",2615158,21,"0","0",32,"0","0",8213
12601,linen_robe,12,"0",4179646,20,"0","0",32,"0","0",8212
12626,linen_robe_+1,12,"0",4179646,20,"0","0",32,"0","0",8212
11841,literae_coat,87,"0",1572872,261,"0","0",32,"0","0",8453
12569,lizard_jerkin,17,"0",2473969,6,"0","0",32,"0","0",8198
12041,lncr._plackart,89,"0",8192,295,"0","0",32,"0","0",8487
11197,lncr._plackart_+1,89,"0",8192,295,"0","0",32,"0","0",8487
11097,lncr._plackart_+2,89,"0",8192,295,"0","0",32,"0","0",8487
14337,lokis_kaftan,79,"0",2462754,234,"0","0",32,"0","0",8426
13757,lords_cuirass,70,"0",64,36,"0","0",32,"0","0",8228
13821,lords_yukata,1,"0",4194303,126,"0","0",32,"0","0",8318
11832,lore_robe,77,"0",3662710,115,"0","0",32,"0","0",8307
11833,lore_robe_+1,77,"0",3662710,115,"0","0",32,"0","0",8307
26896,lugra_cloak,99,119,128,46,"0","0",32,16,"0",8238
26897,lugra_cloak_+1,99,119,128,46,"0","0",32,16,"0",8238
26830,luhlaza_jubbah,99,109,32768,166,"0","0",32,"0","0",8358
26831,luhlaza_jubbah_+1,99,119,32768,166,"0","0",32,"0","0",8358
23145,luhlaza_jubbah_+2,99,119,32768,166,"0","0",32,"0","0",8358
23480,luhlaza_jubbah_+3,99,119,32768,166,"0","0",32,"0","0",8358
14445,luisant_haubert,45,"0",6593,150,"0","0",32,"0","0",8342
26845,lustr._harness_+1,99,119,2368481,100,"0","0",32,"0","0",8292
26844,lustratio_harness,99,119,2368481,100,"0","0",32,"0","0",8292
25738,maat_unity_shirt,1,"0",4194303,428,"0","0",32,"0","0",8620
14565,machas_coat,35,"0",32792,19,"0","0",32,"0","0",8211
26935,macu._casaque_+1,99,119,262144,305,"0","0",32,"0","0",8497
26934,maculele_casaque,99,109,262144,305,"0","0",32,"0","0",8497
10464,magavan_frock,96,"0",1622556,269,"0","0",32,"0","0",8461
13726,mages_robe,38,"0",4179646,18,"0","0",32,"0","0",8210
13725,mages_tunic,20,"0",3851870,3,"0","0",32,16,"0",8195
14543,magi_coat,53,"0",4179646,19,"0","0",32,"0","0",8211
12657,magna_bodice,33,"0",4194303,31,"0","0",32,"0","0",8223
11267,magna_gilet,1,"0",4194303,225,"0","0",32,64,"0",8417
11275,magna_gilet_+1,1,"0",4194303,225,"0","0",32,64,"0",8417
12656,magna_jerkin,33,"0",4194303,31,"0","0",32,"0","0",8223
11268,magna_top,1,"0",4194303,225,"0","0",32,64,"0",8417
11276,magna_top_+1,1,"0",4194303,225,"0","0",32,64,"0",8417
14521,magus_jubbah,58,"0",32768,165,"0","0",32,"0","0",8357
11291,magus_jubbah_+1,74,"0",32768,165,"0","0",32,"0","0",8357
14381,mahatma_hpl.,72,"0",3850780,101,"0","0",32,"0","0",8293
26961,makora_meikogai,99,119,10689,206,"0","0",32,"0","0",8398
23733,malignance_tabard,99,119,496946,458,"0","0",32,"0","0",8650
25783,mallquis_saio,99,119,1572872,197,"0","0",32,"0","0",8389
25784,mallquis_saio_+1,99,119,1572872,197,"0","0",32,"0","0",8389
25799,mallquis_saio_+2,99,119,1572872,197,"0","0",32,"0","0",8389
10281,manasa_chasuble,99,"0",3850780,143,"0","0",32,"0","0",8335
14491,mana_cloak,34,"0",3851870,10,"0","0",32,16,"0",8202
14490,mana_tunic,8,"0",3851870,3,"0","0",32,16,"0",8195
27854,mandra._suit,1,"0",4194303,376,"0","0",32,128,"0",8568
27855,mandra._suit_+1,1,"0",4194303,376,"0","0",32,128,"0",8568
27918,manibozho_jerkin,99,110,2593826,350,"0","0",32,"0","0",8542
14558,marduks_jubbah,75,"0",16900,185,"0","0",32,"0","0",8377
27791,marduks_jubbah_+1,99,"0",16900,185,"0","0",32,"0","0",8377
10256,marine_gilet,1,"0",4194303,334,"0","0",32,64,"0",8526
10264,marine_gilet_+1,1,"0",4194303,334,"0","0",32,64,"0",8526
10257,marine_top,1,"0",4194303,334,"0","0",32,64,"0",8526
10265,marine_top_+1,1,"0",4194303,334,"0","0",32,64,"0",8526
13800,masters_gi,55,"0",6146,37,"0","0",32,"0","0",8229
13801,masters_gi_+1,55,"0",6146,37,"0","0",32,"0","0",8229
10255,matanca_harness,99,"0",137218,333,"0","0",32,"0","0",8525
12043,mavi_mintan,89,"0",32768,297,"0","0",32,"0","0",8489
11199,mavi_mintan_+1,89,"0",32768,297,"0","0",32,"0","0",8489
11099,mavi_mintan_+2,89,"0",32768,297,"0","0",32,"0","0",8489
10495,mavros_haubert,97,"0",6593,150,"0","0",32,"0","0",8342
27825,maxixi_casaque,99,109,262144,211,"0","0",32,"0","0",8403
27826,maxixi_casaque,99,109,262144,211,"0","0",32,"0","0",8403
27846,maxixi_casaque_+1,99,119,262144,211,"0","0",32,"0","0",8403
27847,maxixi_casaque_+1,99,119,262144,211,"0","0",32,"0","0",8403
23125,maxixi_casaque_+2,99,119,262144,211,"0","0",32,"0","0",8403
23126,maxixi_casaque_+2,99,119,262144,211,"0","0",32,"0","0",8403
23460,maxixi_casaque_+3,99,119,262144,211,"0","0",32,"0","0",8403
23461,maxixi_casaque_+3,99,119,262144,211,"0","0",32,"0","0",8403
11840,mederi_talar,87,"0",33296,259,"0","0",32,"0","0",8451
25748,meg._cuirie_+1,99,119,2426144,183,"0","0",32,"0","0",8375
25791,meg._cuirie_+2,99,119,2426144,183,"0","0",32,"0","0",8375
25747,meghanada_cuirie,99,119,2426144,183,"0","0",32,"0","0",8375
11868,mekira_meikogai,95,"0",10689,303,"0","0",32,"0","0",8495
11865,mekira_toshugai,95,"0",10689,302,"0","0",32,"0","0",8494
11871,mekira_toshugai_+1,95,"0",10689,302,"0","0",32,"0","0",8494
27856,mekosu._harness,99,119,2462754,375,"0","0",32,"0","0",8567
14501,mel._cyclas_+1,75,"0",2,67,"0","0",32,"0","0",8259
10671,mel._cyclas_+2,90,"0",2,67,"0","0",32,"0","0",8259
15088,melee_cyclas,74,"0",2,67,"0","0",32,"0","0",8259
11347,menetriers_alb,63,"0",3662710,149,"0","0",32,"0","0",8341
11353,menetriers_alb_+1,63,"0",3662710,149,"0","0",32,"0","0",8341
12653,mercenarys_gi,20,"0",6146,17,"0","0",32,"0","0",8209
25719,merlinic_jubbah,99,119,1589272,415,"0","0",32,"0","0",8607
13766,mermans_harness,67,"0",2359585,56,"0","0",32,"0","0",8248
27886,mes._haubergeon,99,119,6593,40,"0","0",32,"0","0",8232
11855,mextli_harness,90,"0",2594082,207,"0","0",32,"0","0",8399
27917,miki._breastplate,99,110,10689,349,"0","0",32,"0","0",8541
13804,minstrels_coat,62,"0",3662710,19,"0","0",32,"0","0",8211
11292,mirage_jubbah,74,"0",32768,166,"0","0",32,"0","0",8358
11293,mirage_jubbah_+1,75,"0",32768,166,"0","0",32,"0","0",8358
10685,mirage_jubbah_+2,90,"0",32768,166,"0","0",32,"0","0",8358
11314,mirke_wardecors,75,"0",2594082,237,"0","0",32,"0","0",8429
14423,mist_tunic,30,"0",2131538,130,"0","0",32,"0","0",8322
12636,mithran_separates,1,"0",4194303,8,"0","0",32,"0","0",8200
14455,mithra_top,1,"0",4194303,157,"0","0",32,64,"0",8349
14462,mithra_top_+1,1,"0",4194303,157,"0","0",32,64,"0",8349
26824,mochi._chainmail,99,109,4096,89,"0","0",32,"0","0",8281
26825,mochi._chainmail_+1,99,119,4096,89,"0","0",32,"0","0",8281
23142,mochi._chainmail_+2,99,119,4096,89,"0","0",32,"0","0",8281
23477,mochi._chainmail_+3,99,119,4096,89,"0","0",32,"0","0",8281
15095,monster_jackcoat,72,"0",256,81,"0","0",32,"0","0",8273
10250,moogle_suit,1,"0",4194303,307,"0",3,32,448,"0",8499
27904,morass_tunic,1,"0",4194303,347,"0","0",32,"0","0",8539
14562,morrigans_robe,75,"0",32792,186,"0","0",32,"0","0",8378
27792,morrigans_robe_+1,99,"0",1605656,186,"0","0",32,"0","0",8378
26538,mou._manteel_+1,99,119,512,135,"0","0",32,"0","0",8327
26537,mousai_manteel,99,119,512,135,"0","0",32,"0",3,8327
23765,mpacas_doublet,99,119,137218,467,"0","0",32,"0","0",8659
12598,mrc.cpt._doublet,30,"0",3662710,21,"0","0",32,"0","0",8213
11285,mrgn._cotehardie,75,"0",3850780,48,"0","0",32,"0","0",8240
14508,mst._jackcoat_+1,75,"0",256,81,"0","0",32,"0","0",8273
10678,mst._jackcoat_+2,90,"0",256,81,"0","0",32,"0","0",8273
12545,mtl._breastplate,49,"0",193,29,"0","0",32,"0","0",8221
13737,mtl._brstplate_+1,49,"0",193,29,"0","0",32,"0","0",8221
25781,mummu_jacket,99,119,332834,196,"0","0",32,"0","0",8388
25782,mummu_jacket_+1,99,119,332834,196,"0","0",32,"0","0",8388
25798,mummu_jacket_+2,99,119,332834,196,"0","0",32,"0","0",8388
10278,murzim_corazza,99,"0",468192,159,"0","0",32,"0","0",8351
10463,mustela_harness,96,"0",2563106,248,"0","0",32,"0","0",8440
14484,myn._domaru_+1,74,"0",2048,86,"0","0",32,"0","0",8278
13781,myochin_domaru,58,"0",2048,86,"0","0",32,"0","0",8278
11357,myth.msk._livery,1,"0",4194303,113,"0","0",32,"0","0",8305
27796,nabus_jubbah,99,"0",16900,185,"0","0",32,"0","0",8377
26949,naga_samue,99,119,137218,394,"0","0",32,"0","0",8586
25741,naja_unity_shirt,1,"0",4194303,431,"0","0",32,"0","0",8623
27801,namrus_jubbah,45,"0",16900,23,"0","0",32,"0","0",8215
14465,nanban_kariginu,30,"0",4096,102,"0","0",32,"0","0",8294
13816,narasimhas_vest,74,"0",2473969,33,"0","0",32,"0","0",8225
10484,nares_saio,99,"0",1589788,197,"0","0",32,"0","0",8389
14489,nashira_manteel,75,"0",49180,160,"0","0",32,"0","0",8352
12044,navarchs_frac,89,"0",65536,298,"0","0",32,"0","0",8490
11200,navarchs_frac_+1,89,"0",65536,298,"0","0",32,"0","0",8490
11848,nebula_hpl.,87,"0",4179646,101,"0","0",32,"0","0",8293
11849,nebula_hpl._+1,87,"0",4179646,101,"0","0",32,"0","0",8293
11864,nefer_kalasiris,95,"0",1720860,301,"0","0",32,"0","0",8493
11870,nefer_kalasiris_+1,95,"0",1720860,301,"0","0",32,"0","0",8493
27802,neits_coat,45,"0",1605656,45,"0","0",32,"0","0",8237
14563,nemains_robe,15,"0",32792,20,"0","0",32,"0","0",8212
11846,nemus_peti,87,"0",2473969,172,"0","0",32,"0","0",8364
11847,nemus_peti_+1,87,"0",2473969,172,"0","0",32,"0","0",8364
14410,nimbus_doublet,50,"0",16388,43,"0","0",32,"0","0",8235
14485,nin._chainmail_+1,74,"0",4096,88,"0","0",32,"0","0",8280
13782,ninja_chainmail,58,"0",4096,88,"0","0",32,"0","0",8280
25789,nisroch_jerkin,99,119,66560,180,"0","0",32,"0","0",8372
14551,njords_jerkin,15,"0",66848,6,"0","0",32,"0","0",8198
12605,nobles_tunic,68,"0",4,57,"0","0",32,"0","0",8249
11354,nocturnus_mail,75,"0",10689,231,"0","0",32,"0","0",8423
14422,noct_doublet,30,"0",66592,133,"0","0",32,"0","0",8325
14434,noct_doublet_+1,30,"0",66592,133,"0","0",32,"0","0",8325
14402,nokizaru_gi,50,"0",4096,4,"0","0",32,"0","0",8196
13807,nomads_tunica,15,"0",4194303,104,"0","0",32,"0","0",8296
14284,northern_jerkin,67,"0",2473969,50,"0","0",32,"0","0",8242
11853,novennial_coat,1,"0",4194303,235,"0","0",32,64,"0",8427
11854,novennial_dress,1,"0",4194303,245,"0","0",32,64,"0",8437
11313,nuevo_coselete,75,"0",10433,236,"0","0",32,"0","0",8428
26914,nukumi_gausape,99,109,256,290,"0","0",32,"0","0",8482
26915,nukumi_gausape_+1,99,119,256,290,"0","0",32,"0","0",8482
11100,nvrch._frac_+2,89,"0",65536,298,"0","0",32,"0","0",8490
23768,nyame_mail,99,119,4194303,470,"0","0",32,"0","0",8662
25730,nzingha_cuirass,99,119,10689,202,"0","0",32,"0","0",8394
25710,obviat._cuirass_+1,99,119,193,202,"0","0",32,"0","0",8394
25709,obviation_cuirass,99,119,193,202,"0","0",32,"0","0",8394
11869,ocelm._harness_+1,95,"0",2594082,300,"0","0",32,"0","0",8492
11863,ocelomeh_harness,95,"0",2594082,300,"0","0",32,"0","0",8492
25716,odyss._chestplate,99,119,193,412,"0","0",32,"0","0",8604
10450,ogiers_surcoat,99,"0",10689,325,"0","0",32,"0","0",8517
13705,ogre_jerkin,70,"0",272,94,"0","0",32,"0","0",8286
14366,ogre_jerkin_+1,70,"0",272,94,"0","0",32,"0","0",8286
11319,ominaeshi_yukata,1,"0",4194303,244,"0","0",32,"0","0",8436
13820,omina_yukata,1,"0",4194303,127,"0","0",32,"0","0",8319
27795,omodaka_haramaki,99,"0",137218,184,"0","0",32,"0","0",8376
14533,onago_yukata,1,"0",4194303,127,"0","0",32,"0","0",8319
26963,onca_suit,99,119,4194303,396,"0","0",32,128,"0",8588
12619,onion_harness,1,"0",1,15,"0","0",32,"0","0",8207
14535,onnagimi_yukata,1,"0",4194303,127,"0","0",32,"0","0",8319
11317,onnagusa_yukata,1,"0",4194303,244,"0","0",32,"0","0",8436
13819,onoko_yukata,1,"0",4194303,126,"0","0",32,"0","0",8318
14384,opaline_dress,40,"0",4194303,116,"0","0",32,64,"0",8308
10499,opima_saio,97,"0",3850780,149,"0","0",32,"0","0",8341
11283,oracles_robe,72,"0",1065484,143,"0","0",32,"0","0",8335
11321,orange_race_silks,1,"0",4194303,187,"0","0",32,"0","0",8379
27817,orion_jerkin,99,109,1024,84,"0","0",32,"0","0",8276
27838,orion_jerkin_+1,99,119,1024,84,"0","0",32,"0","0",8276
23117,orion_jerkin_+2,99,119,1024,84,"0","0",32,"0","0",8276
23452,orion_jerkin_+3,99,119,1024,84,"0","0",32,"0","0",8276
12030,orison_bliaud,89,"0",4,284,"0","0",32,"0","0",8476
11186,orison_bliaud_+1,89,"0",4,284,"0","0",32,"0","0",8476
11086,orison_bliaud_+2,89,"0",4,284,"0","0",32,"0","0",8476
27922,orvail_robe,99,100,3850780,344,"0","0",32,"0","0",8536
27897,orvail_robe_+1,99,109,3850780,344,"0","0",32,"0","0",8536
26525,oshosi_vest,99,119,66560,109,"0","0",32,"0",3,8301
26526,oshosi_vest_+1,99,119,66560,109,"0","0",32,"0",3,8301
11318,otokoeshi_yukata,1,"0",4194303,243,"0","0",32,"0","0",8435
14534,otokogimi_yukata,1,"0",4194303,126,"0","0",32,"0","0",8318
11316,otokogusa_yukata,1,"0",4194303,243,"0","0",32,"0","0",8435
14532,otoko_yukata,1,"0",4194303,126,"0","0",32,"0","0",8318
27875,otro._harness_+1,99,119,137218,247,"0","0",32,"0","0",8439
27913,otronif_harness,99,113,137218,247,"0","0",32,"0","0",8439
27881,outrider_mail,99,117,6593,5,"0","0",32,"0","0",8197
27879,overalls,1,"0",4194303,366,"0","0",32,128,"0",8558
27880,overalls,1,"0",4194303,366,"0","0",32,128,"0",8558
27872,p._spriggan_coat,1,"0",4194303,360,"0","0",32,16,"0",8552
12578,padded_armor,35,"0",2472947,14,"0","0",32,"0","0",8206
11877,paean_bliaut,99,"0",524820,321,"0","0",32,"0","0",8513
27920,pak_corselet,99,100,192,303,"0","0",32,"0","0",8495
27921,pak_corselet_+1,99,101,192,179,"0","0",32,"0","0",8371
11298,pantin_tobe,74,"0",131072,170,"0","0",32,"0","0",8362
11299,pantin_tobe_+1,75,"0",131072,170,"0","0",32,"0","0",8362
10687,pantin_tobe_+2,90,"0",131072,170,"0","0",32,"0","0",8362
14412,parade_cuirass,50,"0",65,36,"0","0",32,"0","0",8228
11836,paragon_haubert,87,"0",64,276,"0","0",32,"0","0",8468
25727,passion_jacket,99,119,2593826,134,"0","0",32,"0","0",8326
26839,peda._gown_+1,99,119,524288,215,"0","0",32,"0","0",8407
23149,peda._gown_+2,99,119,524288,217,"0","0",32,"0","0",8409
23484,peda._gown_+3,99,119,524288,217,"0","0",32,"0","0",8409
26838,pedagogy_gown,99,109,524288,215,"0","0",32,"0","0",8407
26925,pelt._plackart_+1,99,119,8192,295,"0","0",32,"0","0",8487
26924,peltasts_plackart,99,109,8192,295,"0","0",32,"0","0",8487
13815,penance_robe,50,"0",16384,115,"0","0",32,"0","0",8307
13759,perle_hauberk,78,"0",10689,239,"0","0",32,"0","0",8431
27851,perle_hauberk_+1,90,"0",10689,239,"0","0",32,"0","0",8431
10467,pharmakeia_robe,99,"0",1589788,220,"0","0",32,"0","0",8412
14548,phoboss_cuirass,25,"0",8385,25,"0","0",32,"0","0",8217
10474,phorcys_korazin,99,"0",10689,195,"0","0",32,"0","0",8387
26804,piety_briault,99,109,4,69,"0","0",32,"0","0",8261
26805,piety_briault_+1,99,119,4,69,"0","0",32,"0","0",8261
23132,piety_briault_+2,99,119,4,69,"0","0",32,"0","0",8261
23467,piety_briault_+3,99,119,4,69,"0","0",32,"0","0",8261
25734,pieuje_unity_shirt,1,"0",4194303,424,"0","0",32,"0","0",8616
14587,pilgrim_tunica,1,"0",4194303,104,"0","0",32,"0","0",8296
27812,pillagers_vest,99,109,32,74,"0","0",32,"0","0",8266
27833,pillagers_vest_+1,99,119,32,74,"0","0",32,"0","0",8266
23112,pillagers_vest_+2,99,119,32,74,"0","0",32,"0","0",8266
23447,pillagers_vest_+3,99,119,32,74,"0","0",32,"0","0",8266
26535,pinga_tunic,99,119,557060,57,"0","0",32,"0",3,8249
26536,pinga_tunic_+1,99,119,557060,57,"0","0",32,"0",3,8249
26834,pitre_tobe,99,109,131072,170,"0","0",32,"0","0",8362
26835,pitre_tobe_+1,99,119,131072,170,"0","0",32,"0","0",8362
23147,pitre_tobe_+2,99,119,131072,170,"0","0",32,"0","0",8362
23482,pitre_tobe_+3,99,119,131072,170,"0","0",32,"0","0",8362
14382,plastron,71,"0",128,151,"0","0",32,"0","0",8343
14383,plastron_+1,71,"0",128,151,"0","0",32,"0","0",8343
11311,platino_coat,40,"0",4194303,232,"0","0",32,64,"0",8424
14530,pln._khazagand,72,"0",2569522,175,"0","0",32,"0","0",8367
26810,plunderers_vest,99,109,32,75,"0","0",32,"0","0",8267
26811,plunderers_vest_+1,99,119,32,75,"0","0",32,"0","0",8267
23135,plunderers_vest_+2,99,119,32,75,"0","0",32,"0","0",8267
23470,plunderers_vest_+3,99,119,32,75,"0","0",32,"0","0",8267
11361,pluviale,84,"0",1589276,160,"0","0",32,"0","0",8352
26956,poroggo_coat,1,"0",4194303,397,"0","0",32,16,"0",8589
26957,poroggo_coat_+1,1,"0",4194303,397,"0","0",32,16,"0",8589
10486,porthos_byrnie,99,"0",14785,41,"0","0",32,"0","0",8233
12590,power_gi,13,"0",6146,17,"0","0",32,"0","0",8209
10453,praeco_doublet,97,"0",1753628,329,"0","0",32,"0","0",8521
13729,priests_robe,19,"0",4179646,20,"0","0",32,"0","0",8212
26952,psycloth_vest,99,119,1622040,391,"0","0",32,"0","0",8583
26827,ptero._mail_+1,99,119,8192,91,"0","0",32,"0","0",8283
23143,ptero._mail_+2,99,119,8192,91,"0","0",32,"0","0",8283
23478,ptero._mail_+3,99,119,8192,91,"0","0",32,"0","0",8283
26826,pteroslaver_mail,99,109,8192,91,"0","0",32,"0","0",8283
11358,ptr.prt._livery,1,"0",4194303,112,"0","0",32,"0","0",8304
27828,pumm._lorica_+1,99,119,1,64,"0","0",32,"0","0",8256
23107,pumm._lorica_+2,99,119,1,64,"0","0",32,"0","0",8256
23442,pumm._lorica_+3,99,119,1,64,"0","0",32,"0","0",8256
27807,pummelers_lorica,99,109,1,64,"0","0",32,"0","0",8256
14523,pup._tobe,58,"0",131072,169,"0","0",32,"0","0",8361
11297,pup._tobe_+1,74,"0",131072,169,"0","0",32,"0","0",8361
26964,pupils_camisa,1,"0",4194303,578,"0","0",32,"0","0",8770
26946,pupils_shirt,1,"0",4194303,577,"0","0",32,"0","0",8769
11323,purple_race_silks,1,"0",4194303,189,"0","0",32,"0","0",8381
26951,pursuers_doublet,99,119,70688,390,"0","0",32,"0","0",8582
13723,pyro_robe,45,"0",4179646,20,"0","0",32,"0","0",8212
27870,qaaxo_harness,99,119,2593826,363,"0","0",32,"0","0",8555
14360,r.k._cloak_+1,52,"0",3851870,11,"0","0",32,16,"0",8203
14361,r.k._cloak_+2,52,"0",3851870,11,"0","0",32,16,"0",8203
27873,r._spriggan_coat,1,"0",4194303,362,"0","0",32,16,"0",8554
12033,raiders_vest,89,"0",32,287,"0","0",32,"0","0",8479
11189,raiders_vest_+1,89,"0",32,287,"0","0",32,"0","0",8479
11089,raiders_vest_+2,89,"0",32,287,"0","0",32,"0","0",8479
11312,ramblers_cloak,1,"0",3851870,10,"0",3,32,16,"0",8202
26850,rao_togi,99,119,137218,106,"0","0",32,"0","0",8298
26851,rao_togi_+1,99,119,137218,106,"0","0",32,"0","0",8298
14403,rapparee_harness,50,"0",262176,35,"0","0",32,"0","0",8227
12572,raptor_jerkin,48,"0",2473969,7,"0","0",32,"0","0",8199
14376,rasetsu_samue,72,"0",6146,61,"0","0",32,"0","0",8253
14377,rasetsu_samue_+1,72,"0",6146,61,"0","0",32,"0","0",8253
26531,ratri_plate,99,119,128,151,"0","0",32,"0",3,8343
26532,ratri_plate_+1,99,119,128,151,"0","0",32,"0",3,8343
26875,rav._breastplate,99,119,10689,380,"0","0",32,"0",2,8572
26876,rav._breastplate_+1,99,119,10689,380,"0","0",32,"0",2,8572
12028,ravagers_lorica,89,"0",1,282,"0","0",32,"0","0",8474
14499,raven_jupon,50,"0",3662710,162,"0","0",32,"0","0",8354
26950,rawhide_vest,99,119,2593826,393,"0","0",32,"0","0",8585
11326,red_race_silks,1,"0",4194303,192,"0","0",32,"0","0",8384
13823,regen_cuirass,70,"0",64,36,"0","0",32,"0","0",8228
25702,reiki_osode,99,119,7939,99,"0","0",32,"0","0",8291
14347,rep._scale_mail,34,"0",2141649,26,"0","0",32,"0","0",8218
14429,republic_aketon,1,"0",4194303,113,"0","0",32,"0","0",8305
14339,republic_harness,15,"0",2472947,15,"0","0",32,"0","0",8207
27857,respite_cloak,99,119,3851870,47,"0","0",32,16,"0",8239
11342,restorer_cloak,59,"0",4,11,"0","0",32,16,"0",8203
27834,rev._surcoat_+1,99,119,64,76,"0","0",32,"0","0",8268
23113,rev._surcoat_+2,99,119,64,76,"0","0",32,"0","0",8268
23448,rev._surcoat_+3,99,119,64,76,"0","0",32,"0","0",8268
26886,reveal._tunic_+1,99,119,1589788,62,"0","0",32,"0",1,8254
26885,revealers_tunic,99,119,1589788,62,"0","0",32,"0",1,8254
27813,reverence_surcoat,99,109,64,76,"0","0",32,"0","0",8268
14469,reverend_mail,75,"0",4,40,"0","0",32,"0","0",8232
25758,rhapsody_shirt,1,"0",4194303,581,"0","0",32,"0","0",8773
25759,rhapsody_shirt_+1,1,"0",4194303,581,"0","0",32,"0","0",8773
10470,rheic_korazin,99,"0",10689,195,"0","0",32,"0","0",8387
10471,rheic_korazin_+1,99,"0",10689,195,"0","0",32,"0","0",8387
10472,rheic_korazin_+2,99,"0",10689,195,"0","0",32,"0","0",8387
10473,rheic_korazin_+3,99,"0",10689,195,"0","0",32,"0","0",8387
13811,riders_jack_coat,15,"0",4194303,103,"0","0",32,"0","0",8295
10262,river_top,1,"0",4194303,334,"0","0",32,64,"0",8526
10270,river_top_+1,1,"0",4194303,334,"0","0",32,64,"0",8526
12600,robe,1,"0",4179646,20,"0","0",32,"0","0",8212
12615,robe_+1,1,"0",4179646,20,"0","0",32,"0","0",8212
14478,rog._vest_+1,74,"0",32,74,"0","0",32,"0","0",8266
12643,rogues_vest,58,"0",32,74,"0","0",32,"0","0",8266
26869,ros._jaseran_+1,99,119,1589788,62,"0","0",32,"0","0",8254
26868,rosette_jaseran,99,119,1589788,62,"0","0",32,"0","0",8254
13749,royal_cloak,59,"0",3851870,47,"0","0",32,16,"0",8239
11315,royal_redingote,75,"0",1589788,238,"0","0",32,"0","0",8430
10452,rubeus_jacket,99,"0",1589788,327,"0","0",32,"0","0",8519
14432,rubious_tunic,30,"0",2131538,130,"0","0",32,"0","0",8322
27927,runeist_coat,99,109,2097152,338,"0","0",32,"0","0",8530
27850,runeist_coat_+1,99,119,2097152,338,"0","0",32,"0","0",8530
23129,runeist_coat_+2,99,119,2097152,338,"0","0",32,"0","0",8530
23464,runeist_coat_+3,99,119,2097152,338,"0","0",32,"0","0",8530
27803,rustic_maillot,1,"0",4194303,358,"0","0",32,64,"0",8550
27805,rustic_maillot_+1,1,"0",4194303,358,"0","0",32,64,"0",8550
11184,rvg._lorica_+1,89,"0",1,282,"0","0",32,"0","0",8474
11084,rvg._lorica_+2,89,"0",1,282,"0","0",32,"0","0",8474
13718,ryl.ftm._tunic,10,"0",3851870,3,"0","0",32,16,"0",8195
12630,ryl.ftm._vest,10,"0",2473969,1,"0","0",32,"0","0",8193
11356,ryl.grd._livery,1,"0",4194303,111,"0","0",32,"0","0",8303
13722,ryl.kgt._aketon,55,"0",3662710,38,"0","0",32,"0","0",8230
12558,ryl.kgt._chainmail,55,"0",6593,13,"0","0",32,"0","0",8205
13720,ryl.kgt._cloak,50,"0",3851870,11,"0","0",32,16,"0",8203
12559,ryl.sqr._chainmail,40,"0",6593,12,"0","0",32,"0","0",8204
14340,ryl.sqr._chnml._+1,43,"0",6593,12,"0","0",32,"0","0",8204
14341,ryl.sqr._chnml._+2,43,"0",6593,12,"0","0",32,"0","0",8204
13719,ryl.sqr._robe,40,"0",4179646,18,"0","0",32,"0","0",8210
14358,ryl.sqr._robe_+1,43,"0",4179646,18,"0","0",32,"0","0",8210
14359,ryl.sqr._robe_+2,43,"0",4179646,18,"0","0",32,"0","0",8210
25684,ryuo_domaru,99,119,137218,324,"0","0",32,"0","0",8516
25685,ryuo_domaru_+1,99,119,137218,324,"0","0",32,"0","0",8516
11324,s._blue_race_silks,1,"0",4194303,190,"0","0",32,"0","0",8382
25767,sacro_breastplate,99,119,10689,457,"0","0",32,"0","0",8649
26822,sakonji_domaru,99,109,2048,87,"0","0",32,"0","0",8279
26823,sakonji_domaru_+1,99,119,2048,87,"0","0",32,"0","0",8279
23141,sakonji_domaru_+2,99,119,2048,87,"0","0",32,"0","0",8279
23476,sakonji_domaru_+3,99,119,2048,87,"0","0",32,"0","0",8279
23764,sakpatas_plate,99,119,193,466,"0","0",32,"0","0",8658
11340,salutary_robe,40,"0",3850780,18,"0","0",32,"0","0",8210
11348,salutary_robe_+1,40,"0",3850780,18,"0","0",32,"0","0",8210
26973,samnuha_coat,99,119,2593826,401,"0","0",32,"0","0",8593
14348,san_dorian_tunic,15,"0",3851870,3,"0","0",32,16,"0",8195
14344,san_dorian_vest,15,"0",2473969,1,"0","0",32,"0","0",8193
14511,sao._domaru_+1,75,"0",2048,87,"0","0",32,"0","0",8279
10681,sao._domaru_+2,90,"0",2048,87,"0","0",32,"0","0",8279
15098,saotome_domaru,74,"0",2048,87,"0","0",32,"0","0",8279
12659,savage_separates,33,"0",4194303,31,"0","0",32,"0","0",8223
11271,savage_top,1,"0",4194303,225,"0","0",32,64,"0",8417
11279,savage_top_+1,1,"0",4194303,225,"0","0",32,64,"0",8417
12047,savants_gown,89,"0",524288,306,"0","0",32,"0","0",8498
11203,savants_gown_+1,89,"0",524288,306,"0","0",32,"0","0",8498
11103,savants_gown_+2,89,"0",524288,306,"0","0",32,"0","0",8498
27862,savas_jawshan,99,119,2497,203,"0","0",32,"0","0",8395
25731,sayadios_kaftan,99,119,2593826,234,"0","0",32,"0","0",8426
12560,scale_mail,10,"0",2141649,28,"0","0",32,"0","0",8220
14580,scholars_gown,58,"0",524288,214,"0","0",32,"0","0",8406
11304,scholars_gown_+1,74,"0",524288,214,"0","0",32,"0","0",8406
12579,scorpion_harness,57,"0",2472947,34,"0","0",32,"0","0",8226
15097,scouts_jerkin,75,"0",1024,85,"0","0",32,"0","0",8277
12621,scp._breastplate,66,"0",2371507,114,"0","0",32,"0","0",8306
12589,scp._brstplate_+1,66,"0",2371507,114,"0","0",32,"0","0",8306
13734,scp._harness_+1,57,"0",2472947,34,"0","0",32,"0","0",8226
14510,sct._jerkin_+1,75,"0",1024,85,"0","0",32,"0","0",8277
10680,sct._jerkin_+2,90,"0",1024,85,"0","0",32,"0","0",8277
14424,seers_tunic,29,"0",1720332,131,"0","0",32,"0","0",8323
14427,seers_tunic_+1,29,"0",1720332,131,"0","0",32,"0","0",8323
10286,seidr_cotehardie,99,"0",1589788,48,"0","0",32,"0","0",8240
27892,shab._cuirass_+1,99,115,193,22,"0","0",32,"0","0",8214
27891,shabti_cuirass,99,114,193,22,"0","0",32,"0","0",8214
14426,shade_harness,25,"0",2472947,129,"0","0",32,"0","0",8321
14433,shade_harness_+1,25,"0",2472947,129,"0","0",32,"0","0",8321
14573,shadow_brstplate,75,"0",193,200,"0","0",32,"0","0",8392
14575,shadow_coat,75,"0",1065500,201,"0","0",32,"0","0",8393
26517,shadow_lord_shirt,1,"0",4194303,588,"0","0",32,"0","0",8780
14414,shair_manteel,72,"0",512,135,"0","0",32,"0","0",8327
13803,shamans_cloak,56,"0",3851870,11,"0","0",32,16,"0",8203
25787,shamash_robe,99,119,1605660,220,"0","0",32,"0","0",8412
25706,shango_robe,99,119,1589276,348,"0","0",32,"0","0",8540
10279,shedir_manteel,99,"0",1622556,160,"0","0",32,"0","0",8352
14415,sheikh_manteel,72,"0",512,135,"0","0",32,"0","0",8327
14406,shikaree_aketon,50,"0",66560,96,"0","0",32,"0","0",8288
12162,shikkoku_togi,71,"0",133122,252,"0","0",32,"0","0",8444
12163,shinku_togi,71,"0",133122,253,"0","0",32,"0","0",8445
12588,shinobi_gi,49,"0",6146,4,"0","0",32,"0","0",8196
13733,shinobi_gi_+1,49,"0",6146,4,"0","0",32,"0","0",8196
14404,shm._hara-ate,50,"0",2048,9,"0","0",32,"0","0",8201
27864,shned._tabard_+1,99,119,2593826,355,"0","0",32,"0","0",8547
27908,shneddick_tabard,99,106,2593826,355,"0","0",32,"0","0",8547
27804,shoal_maillot,1,"0",4194303,359,"0","0",32,64,"0",8551
27806,shoal_maillot_+1,1,"0",4194303,359,"0","0",32,64,"0",8551
27860,shokujo_happi,1,"0",4194303,368,"0","0",32,"0","0",8560
26887,shomonjijoe,99,119,16384,37,"0","0",32,"0","0",8229
26888,shomonjijoe_+1,99,119,16384,37,"0","0",32,"0","0",8229
14387,shura_togi,73,"0",6146,106,"0","0",32,"0","0",8298
14388,shura_togi_+1,73,"0",6146,106,"0","0",32,"0","0",8298
27794,sigyns_cuirie,99,"0",2426144,183,"0","0",32,"0","0",8375
14542,silken_coat,53,"0",4179646,19,"0","0",32,"0","0",8211
12612,silk_cloak,64,"0",3851870,11,"0","0",32,16,"0",8203
13777,silk_cloak_+1,64,"0",3851870,11,"0","0",32,16,"0",8203
12604,silk_coat,53,"0",4179646,19,"0","0",32,"0","0",8211
12652,silk_coat_+1,53,"0",4179646,19,"0","0",32,"0","0",8211
12553,silver_mail,36,"0",6593,5,"0","0",32,"0","0",8197
12666,silver_mail_+1,36,"0",6593,5,"0","0",32,"0","0",8197
14524,sipahi_jawshan,59,"0",2497,171,"0","0",32,"0","0",8363
14550,skadis_cuirie,75,"0",66848,183,"0","0",32,"0","0",8375
27789,skadis_cuirie_+1,99,"0",2426144,183,"0","0",32,"0","0",8375
11320,skeleton_robe,1,"0",4194303,18,"0","0",32,"0","0",8210
11837,skopos_jerkin,87,"0",66560,249,"0","0",32,"0","0",8441
26908,skulkers_vest,99,109,32,287,"0","0",32,"0","0",8479
26909,skulkers_vest_+1,99,119,32,287,"0","0",32,"0","0",8479
14514,smn._doublet_+1,75,"0",16384,93,"0","0",32,"0","0",8285
10684,smn._doublet_+2,90,"0",16384,93,"0","0",32,"0","0",8285
12586,soil_gi,29,"0",6146,17,"0","0",32,"0","0",8209
12671,soil_gi_+1,29,"0",6146,17,"0","0",32,"0","0",8209
12661,solid_mail,10,"0",2141649,28,"0","0",32,"0","0",8220
26884,sombra_harn._+1,99,119,2594082,129,"0","0",32,"0",1,8321
26883,sombra_harness,99,119,2594082,129,"0","0",32,"0",1,8321
15090,sorcerers_coat,74,"0",8,71,"0","0",32,"0","0",8263
26847,souv._cuirass_+1,99,119,65,95,"0","0",32,"0","0",8287
26846,souveran_cuirass,99,119,65,95,"0","0",32,"0","0",8287
27831,spae._coat_+1,99,119,8,70,"0","0",32,"0","0",8262
27810,spaekonas_coat,99,109,8,70,"0","0",32,"0","0",8262
23110,spaekonas_coat_+2,99,119,8,70,"0","0",32,"0","0",8262
23445,spaekonas_coat_+3,99,119,8,70,"0","0",32,"0","0",8262
10498,spolia_saio,97,"0",3850780,149,"0","0",32,"0","0",8341
11839,spry_vest,87,"0",2363424,255,"0","0",32,"0","0",8447
10492,spurrina_doublet,99,"0",1622040,322,"0","0",32,"0","0",8514
14503,src._coat_+1,75,"0",8,71,"0","0",32,"0","0",8263
10673,src._coat_+2,90,"0",8,71,"0","0",32,"0","0",8263
26975,starlet_jabot,1,"0",4194303,408,"0","0",32,"0","0",8600
12567,steam_scale_mail,27,"0",2141649,28,"0","0",32,"0","0",8220
13785,steel_scale_mail,48,"0",2141649,53,"0","0",32,"0","0",8245
10497,sthira_jerkin,97,"0",2473969,7,"0","0",32,"0","0",8199
13786,stl._scale_mail_+1,48,"0",2141649,53,"0","0",32,"0","0",8245
13736,stolid_breastplate,45,"0",193,2,"0","0",32,"0","0",8194
14567,stout_jacket,71,"0",256,134,"0","0",32,"0","0",8326
12663,strong_harness,35,"0",2472947,14,"0","0",32,"0","0",8206
13707,strong_vest,30,"0",2473969,1,"0","0",32,"0","0",8193
12570,studded_vest,30,"0",2473969,1,"0","0",32,"0","0",8193
11344,styrne_byrnie,62,"0",6593,41,"0","0",32,"0","0",8233
11350,styrne_byrnie_+1,62,"0",6593,41,"0","0",32,"0","0",8233
10289,sublime_breastplate,99,"0",4,97,"0","0",32,"0","0",8289
25745,sulevias_plate.,99,119,8385,182,"0","0",32,"0","0",8374
25746,sulevias_plate._+1,99,119,8385,182,"0","0",32,"0","0",8374
25790,sulevias_plate._+2,99,119,8385,182,"0","0",32,"0","0",8374
15101,summoners_dblt.,74,"0",16384,93,"0","0",32,"0","0",8285
26874,supay_weskit,99,119,8,137,"0","0",32,"0","0",8329
26958,swellers_harness,99,119,137218,382,"0","0",32,"0","0",8574
10460,sweven_coat,96,"0",1720860,131,"0","0",32,"0","0",8323
10461,sweven_coat_+1,96,"0",1720860,131,"0","0",32,"0","0",8323
12038,sylvan_caban,89,"0",1024,292,"0","0",32,"0","0",8484
11194,sylvan_caban_+1,89,"0",1024,292,"0","0",32,"0","0",8484
11094,sylvan_caban_+2,89,"0",1024,292,"0","0",32,"0","0",8484
25744,sylvie_unity_shirt,1,"0",4194303,434,"0","0",32,"0","0",8626
14362,t.m._coat_+1,52,"0",4179646,19,"0","0",32,"0","0",8211
14363,t.m._coat_+2,52,"0",4179646,19,"0","0",32,"0","0",8211
14571,tabin_jupon,65,"0",3662710,24,"0","0",32,"0","0",8216
14572,tabin_jupon_+1,65,"0",3662710,24,"0","0",32,"0","0",8216
26893,taeon_tabard,99,119,2602290,326,"0","0",32,"0","0",8518
14541,taikyoku_kenpogi,8,"0",6146,17,"0","0",32,"0","0",8209
25764,taliah_manteel,99,119,147712,160,"0","0",32,"0","0",8352
25765,taliah_manteel_+1,99,119,147712,160,"0","0",32,"0","0",8352
25796,taliah_manteel_+2,99,119,147712,160,"0","0",32,"0","0",8352
14396,tanners_apron,1,"0",4194303,123,"0","0",32,"0","0",8315
11333,tanners_smock,1,"0",4194303,154,"0","0",32,"0","0",8346
12029,tantra_cyclas,89,"0",2,283,"0","0",32,"0","0",8475
11185,tantra_cyclas_+1,89,"0",2,283,"0","0",32,"0","0",8475
11085,tantra_cyclas_+2,89,"0",2,283,"0","0",32,"0","0",8475
11360,taraniss_harness,84,"0",2594082,148,"0","0",32,"0","0",8340
26944,tartarus_platemail,99,119,10689,384,"0","0",32,"0","0",8576
14461,taru._maillot_+1,1,"0",4194303,157,"0","0",32,64,"0",8349
12635,tarutaru_kaftan,1,"0",4194303,8,"0","0",32,"0","0",8200
14454,tarutaru_maillot,1,"0",4194303,157,"0","0",32,64,"0",8349
14471,tarutaru_top,1,"0",4194303,158,"0","0",32,64,"0",8350
14472,tarutaru_top_+1,1,"0",4194303,158,"0","0",32,64,"0",8350
25733,tatena._harama._+1,99,119,7171,227,"0","0",32,"0","0",8419
25732,tatena._haramaki,99,119,7171,227,"0","0",32,"0","0",8419
26965,ta_moko,1,"0",4194303,404,"0","0",32,64,"0",8596
26966,ta_moko_+1,1,"0",4194303,404,"0","0",32,64,"0",8596
12606,tct.mgc._coat,50,"0",4179646,19,"0","0",32,"0","0",8211
13778,teal_saio,78,"0",3850780,240,"0","0",32,"0","0",8432
27853,teal_saio_+1,90,"0",3850780,240,"0","0",32,"0","0",8432
26894,telchine_chas.,99,119,1622556,143,"0","0",32,"0","0",8335
27884,temachtiani_shirt,99,105,4194303,102,"0","0",32,"0","0",8294
12639,temple_cyclas,58,"0",2,66,"0","0",32,"0","0",8258
11874,tenryu_domaru,99,"0",137218,324,"0","0",32,"0","0",8516
10490,tenryu_domaru_+1,99,"0",137218,324,"0","0",32,"0","0",8516
25707,terminal_plate,99,119,10433,409,"0","0",32,"0","0",8601
10485,tessera_saio,99,"0",2593826,330,"0","0",32,"0","0",8522
10480,tethyan_saio,99,"0",1589788,197,"0","0",32,"0","0",8389
10481,tethyan_saio_+1,99,"0",1589788,197,"0","0",32,"0","0",8389
10482,tethyan_saio_+2,99,"0",1589788,197,"0","0",32,"0","0",8389
10483,tethyan_saio_+3,99,"0",1589788,197,"0","0",32,"0","0",8389
10479,thaumas_coat,99,"0",2593826,196,"0","0",32,"0","0",8388
27809,theo._briault,99,109,4,68,"0","0",32,"0","0",8260
27830,theo._briault_+1,99,119,4,68,"0","0",32,"0","0",8260
23109,theo._briault_+2,99,119,4,68,"0","0",32,"0","0",8260
23444,theo._briault_+3,99,119,4,68,"0","0",32,"0","0",8260
11343,thrk._breastplate,61,"0",8192,108,"0","0",32,"0","0",8300
27896,thur._tabard_+1,99,109,2593826,343,"0","0",32,"0","0",8535
27924,thurandaut_tabard,99,100,2593826,343,"0","0",32,"0","0",8535
11290,tidal_talisman,1,"0",4194303,228,"0","0",32,"0","0",8420
12574,tiger_jerkin,65,"0",2473969,50,"0","0",32,"0","0",8242
13791,timarli_jawshan,79,"0",8385,203,"0","0",32,"0","0",8395
11866,tocis_harness,95,"0",2594082,51,"0","0",32,"0","0",8243
13764,torama_jerkin,70,"0",2360624,54,"0","0",32,"0","0",8246
27836,tot._jackcoat_+1,99,119,256,80,"0","0",32,"0","0",8272
23115,tot._jackcoat_+2,99,119,256,80,"0","0",32,"0","0",8272
23450,tot._jackcoat_+3,99,119,256,80,"0","0",32,"0","0",8272
27815,totemic_jackcoat,99,109,256,80,"0","0",32,"0","0",8272
14474,tpl._cyclas_+1,74,"0",2,66,"0","0",32,"0","0",8258
25713,track_shirt,1,"0",4194303,579,"0","0",32,64,"0",8771
25714,track_shirt_+1,1,"0",4194303,579,"0","0",32,64,"0",8771
14446,traders_saio,20,"0",4179646,149,"0","0",32,"0","0",8341
14464,trailers_tunica,16,"0",1024,105,"0","0",32,"0","0",8297
27903,trench_tunic,30,"0",4194303,105,"0","0",32,"0","0",8297
11843,tristans_brstplate,89,"0",64,32,"0","0",32,"0","0",8224
14556,tsukikazu_togi,25,"0",137218,4,"0","0",32,"0","0",8196
26544,tu._harness_+1,99,119,2359328,148,"0","0",32,"0","0",8340
14285,tundra_jerkin,67,"0",2473969,50,"0","0",32,"0","0",8242
12608,tunic,8,"0",3851870,3,"0","0",32,16,"0",8195
12616,tunic_+1,8,"0",3851870,3,"0","0",32,16,"0",8195
26543,turms_harness,99,119,2359328,148,"0","0",32,"0",3,8340
11363,twilight_cloak,90,"0",1589404,212,"0",1,32,16,"0",8404
11362,twilight_mail,90,"0",10689,181,"0","0",32,"0","0",8373
25703,uac_jerkin,99,119,6593,328,"0","0",32,"0","0",8520
14449,ucn._harness_+1,74,"0",1,148,"0","0",32,"0","0",8340
25788,udug_jacket,99,119,147712,219,"0","0",32,"0","0",8411
10494,ugol_haubert,97,"0",6593,150,"0","0",32,"0","0",8342
14448,unicorn_harness,74,"0",1,148,"0","0",32,"0","0",8340
12039,unkai_domaru,89,"0",2048,293,"0","0",32,"0","0",8485
11195,unkai_domaru_+1,89,"0",2048,293,"0","0",32,"0","0",8485
11095,unkai_domaru_+2,89,"0",2048,293,"0","0",32,"0","0",8485
10496,urja_jerkin,97,"0",2473969,7,"0","0",32,"0","0",8199
27790,usk._haramaki_+1,99,"0",137218,184,"0","0",32,"0","0",8376
14554,usukane_haramaki,75,"0",137218,184,"0","0",32,"0","0",8376
14577,valhalla_brstplate,75,"0",193,199,"0","0",32,"0","0",8391
14574,valk._breastplate,75,"0",193,200,"0","0",32,"0","0",8392
14576,valkyries_coat,75,"0",1065500,201,"0","0",32,"0","0",8393
25717,valorous_mail,99,119,10689,413,"0","0",32,"0","0",8605
15093,valor_surcoat,75,"0",64,77,"0","0",32,"0","0",8269
14443,vampire_cloak,70,"0",128,46,"0","0",32,16,"0",8238
27887,vanir_cotehardie,99,119,3850780,48,"0","0",32,"0","0",8240
26953,vanya_robe,99,119,1589788,395,"0","0",32,"0","0",8587
10283,vara_brigandine,99,"0",2473969,44,"0","0",32,"0","0",8236
25729,vatic_byrnie,99,119,14785,41,"0","0",32,"0","0",8233
25721,vedic_coat,99,119,1622044,261,"0","0",32,"0","0",8453
11352,vela_jstcorps_+1,62,"0",1622556,45,"0","0",32,"0","0",8237
11346,vela_justaucorps,62,"0",1622556,45,"0","0",32,"0","0",8237
11359,velox_harness,85,"0",2494754,110,"0","0",32,"0","0",8302
12603,velvet_robe,38,"0",4179646,18,"0","0",32,"0","0",8210
13748,vermillion_cloak,59,"0",3851870,47,"0","0",32,16,"0",8239
11830,versa_hauberk,77,"0",6593,58,"0","0",32,"0","0",8250
11831,versa_hauberk_+1,77,"0",6593,58,"0","0",32,"0","0",8250
25700,vexed_bliaut,99,"0",524820,321,"0","0",32,"0","0",8513
25694,vexed_domaru,99,"0",137218,324,"0","0",32,"0","0",8516
25698,vexed_doublet,99,"0",1622040,322,"0","0",32,"0","0",8514
25692,vexed_haubert,99,"0",8641,323,"0","0",32,"0","0",8515
25696,vexed_jacket,99,"0",2462754,320,"0","0",32,"0","0",8512
13806,vgd._tunica,1,"0",4194303,104,"0","0",32,"0","0",8296
27820,vishap_mail,99,109,8192,90,"0","0",32,"0","0",8282
27841,vishap_mail_+1,99,119,8192,90,"0","0",32,"0","0",8282
23120,vishap_mail_+2,99,119,8192,90,"0","0",32,"0","0",8282
23455,vishap_mail_+3,99,119,8192,90,"0","0",32,"0","0",8282
13817,vishnus_vest,74,"0",2473969,33,"0","0",32,"0","0",8225
26809,viti._tabard_+1,99,119,16,73,"0","0",32,"0","0",8265
23134,viti._tabard_+2,99,119,16,73,"0","0",32,"0","0",8265
23469,viti._tabard_+3,99,119,16,73,"0","0",32,"0","0",8265
26808,vitiation_tabard,99,109,16,73,"0","0",32,"0","0",8265
11341,vivacity_coat,57,"0",1720332,19,"0","0",32,"0","0",8211
11349,vivacity_coat_+1,57,"0",1720332,19,"0","0",32,"0","0",8211
14506,vlr._surcoat_+1,75,"0",64,77,"0","0",32,"0","0",8269
10676,vlr._surcoat_+2,90,"0",64,77,"0","0",32,"0","0",8269
23714,volte_doublet,99,119,1589788,132,"0","0",32,"0","0",8324
23715,volte_harness,99,119,2605043,128,"0","0",32,"0","0",8320
23716,volte_haubert,99,119,193,164,"0","0",32,"0","0",8356
23717,volte_jupon,99,119,4194303,163,"0","0",32,"0","0",8355
26859,voodoo_cuirass,99,"0",65,95,"0","0",32,"0","0",8287
26865,voodoo_dalmatica,99,"0",16384,107,"0","0",32,"0","0",8299
26857,voodoo_harness,99,"0",2368481,100,"0","0",32,"0","0",8292
26861,voodoo_hauberk,99,"0",385,63,"0","0",32,"0","0",8255
26867,voodoo_mail,99,"0",2204880,62,"0","0",32,"0","0",8254
26863,voodoo_togi,99,"0",137218,106,"0","0",32,"0","0",8298
26969,vrikodara_jupon,99,119,3850780,398,"0","0",32,"0","0",8590
27818,wakido_domaru,99,109,2048,86,"0","0",32,"0","0",8278
27839,wakido_domaru_+1,99,119,2048,86,"0","0",32,"0","0",8278
23118,wakido_domaru_+2,99,119,2048,86,"0","0",32,"0","0",8278
23453,wakido_domaru_+3,99,119,2048,86,"0","0",32,"0","0",8278
14500,war._lorica_+1,75,"0",1,65,"0","0",32,"0","0",8257
10670,war._lorica_+2,90,"0",1,65,"0","0",32,"0","0",8257
12642,warlocks_tabard,58,"0",16,72,"0","0",32,"0","0",8264
15087,warriors_lorica,75,"0",1,65,"0","0",32,"0","0",8257
12597,war_aketon,70,"0",66592,96,"0","0",32,"0","0",8288
13771,war_aketon_+1,70,"0",66592,96,"0","0",32,"0","0",8288
12617,war_shinobi_gi,70,"0",4096,42,"0","0",32,"0","0",8234
13770,war_shinobi_gi_+1,70,"0",4096,42,"0","0",32,"0","0",8234
27883,wayfarer_robe,99,117,4179646,20,"0","0",32,"0","0",8212
27865,weather._robe_+1,99,119,3850780,356,"0","0",32,"0","0",8548
27909,weatherspoon_robe,99,106,3850780,356,"0","0",32,"0","0",8548
14395,weavers_apron,1,"0",4194303,119,"0","0",32,"0","0",8311
11332,weavers_smock,1,"0",4194303,146,"0","0",32,"0","0",8338
14386,wedding_dress,20,"0",4194303,116,"0","0",32,64,"0",8308
12611,white_cloak,50,"0",3851870,11,"0","0",32,16,"0",8203
12651,white_cloak_+1,50,"0",3851870,11,"0","0",32,16,"0",8203
11327,white_race_silks,1,"0",4194303,193,"0","0",32,"0","0",8385
26904,wicce_coat,99,109,8,285,"0","0",32,"0","0",8477
26905,wicce_coat_+1,99,119,8,285,"0","0",32,"0","0",8477
10292,wikyo_cloak,99,"0",1720860,47,"0","0",32,16,"0",8239
26882,wildheitbrust,99,119,10433,138,"0","0",32,"0",1,8330
14352,win._doublet,34,"0",3662710,21,"0","0",32,"0","0",8213
14350,windurstian_gi,25,"0",6146,17,"0","0",32,"0","0",8209
25705,witching_robe,99,119,1589276,329,"0","0",32,"0","0",8521
12641,wizards_coat,58,"0",8,70,"0","0",32,"0","0",8262
14477,wlk._tabard_+1,74,"0",16,72,"0","0",32,"0","0",8264
12658,wonder_kaftan,33,"0",4194303,31,"0","0",32,"0","0",8223
11269,wonder_maillot,1,"0",4194303,225,"0","0",32,64,"0",8417
11277,wonder_maillot_+1,1,"0",4194303,225,"0","0",32,64,"0",8417
11270,wonder_top,1,"0",4194303,226,"0","0",32,64,"0",8418
11278,wonder_top_+1,1,"0",4194303,226,"0","0",32,64,"0",8418
27905,woodland_tunic,1,"0",4194303,347,"0","0",32,"0","0",8539
10258,woodsy_gilet,1,"0",4194303,334,"0","0",32,64,"0",8526
10266,woodsy_gilet_+1,1,"0",4194303,334,"0","0",32,64,"0",8526
10259,woodsy_top,1,"0",4194303,334,"0","0",32,64,"0",8526
10267,woodsy_top_+1,1,"0",4194303,334,"0","0",32,64,"0",8526
13752,wool_doublet,42,"0",2615158,21,"0","0",32,"0","0",8213
13753,wool_doublet_+1,42,"0",2615158,21,"0","0",32,"0","0",8213
12595,wool_gambison,48,"0",3662710,23,"0","0",32,"0","0",8215
13696,wool_gambison_+1,48,"0",3662710,23,"0","0",32,"0","0",8215
12602,wool_robe,28,"0",4179646,18,"0","0",32,"0","0",8210
12627,wool_robe_+1,28,"0",4179646,18,"0","0",32,"0","0",8210
14375,worker_tunica,15,"0",4194303,105,"0","0",32,"0","0",8297
26879,wretched_coat,99,119,1589788,381,"0","0",32,"0",2,8573
26880,wretched_coat_+1,99,119,1589788,381,"0","0",32,"0",2,8573
14513,wym._mail_+1,75,"0",8192,91,"0","0",32,"0","0",8283
10683,wym._mail_+2,90,"0",8192,91,"0","0",32,"0","0",8283
25756,wyrmking_suit,1,"0",4194303,414,"0","0",32,128,"0",8606
25757,wyrmking_suit_+1,1,"0",4194303,414,"0","0",32,128,"0",8606
15100,wyrm_mail,74,"0",8192,91,"0","0",32,"0","0",8283
14405,wyvern_mail,50,"0",8192,28,"0","0",32,"0","0",8220
14476,wzd._coat_+1,74,"0",8,70,"0","0",32,"0","0",8262
27869,xaddi_mail,99,119,10689,365,"0","0",32,"0","0",8557
12618,yasha_samue,71,"0",4096,98,"0","0",32,"0","0",8290
14442,yasha_samue_+1,71,"0",4096,98,"0","0",32,"0","0",8290
14364,yhel_jacket,80,"0",1572872,204,"0","0",32,"0","0",8396
12623,yhel_jacket_+1,80,"0",1572872,204,"0","0",32,"0","0",8396
14527,yigit_gomlek,72,"0",1622556,176,"0","0",32,"0","0",8368
14468,yinyang_robe,71,"0",16384,37,"0","0",32,"0","0",8229
25743,yoran_unity_shirt,1,"0",4194303,433,"0","0",32,"0","0",8625
26891,yorium_cuirass,99,119,193,55,"0","0",32,"0","0",8247
11288,zahaks_mail,71,"0",8641,60,"0","0",32,"0","0",8252
25728,zendik_robe,99,119,1720860,213,"0","0",32,"0","0",8405
23793,ziamet_peti,1,"0",4194303,172,"0","0",32,"0","0",8364